City_ID,City_ID,City,State,Country,Date,Lat,Lng,Max_Temp,Humidity,Cloudiness,Wind_Speed
0,0,Kahului,HI,US,2023-03-02 01:23:39,20.8947,-156.47,74.3,92,40,14.97
2,2,Kapaa,HI,US,2023-03-02 01:23:40,22.0752,-159.319,75.52,66,75,25.32
3,3,Douglas,NE,US,2023-03-02 01:23:40,41.3,-96.167,32.88,78,0,13.8
4,4,Susanville,CA,US,2023-03-02 01:22:25,40.4163,-120.653,30.81,58,0,8.05
5,5,Hilo,HI,US,2023-03-02 01:23:41,19.7297,-155.09,71.11,90,89,5.01
8,8,Kodiak,AK,US,2023-03-02 01:23:43,57.79,-152.4072,26.11,54,100,25.32
10,10,Bethel,CT,US,2023-03-02 01:23:43,41.3712,-73.414,38.48,82,100,6.91
13,13,Pascagoula,MS,US,2023-03-02 01:22:38,30.3658,-88.5561,76.41,92,75,6.91
14,14,Greenwood,SC,US,2023-03-02 01:23:45,34.1668,-82.1165,68.36,66,0,6.91
15,15,Half Moon Bay,CA,US,2023-03-02 01:23:45,37.4636,-122.4286,56.01,61,0,20.71
18,18,Havelock,NC,US,2023-03-02 01:23:47,34.8791,-76.9013,69.98,91,40,11.5
19,19,North Myrtle Beach,SC,US,2023-03-02 01:22:33,33.816,-78.68,69.39,94,100,6.91
20,20,Meadow Lake,NM,US,2023-03-02 01:23:48,34.8014,-106.5436,49.96,37,100,18.28
21,21,Sitka,AK,US,2023-03-02 01:23:49,57.0531,-135.33,42.69,75,100,23.02
22,22,North Bend,OR,US,2023-03-02 01:23:49,43.4065,-124.2243,46.31,74,0,8.05
23,23,Ottumwa,IA,US,2023-03-02 01:19:07,41.02,-92.4113,43.16,79,0,16.11
25,25,Hamilton,OH,US,2023-03-02 01:23:50,39.1834,-84.5333,67.89,72,100,10.36
26,26,Bristol,MA,US,2023-03-02 01:21:47,41.8334,-71.1662,38.68,81,100,4.0
29,29,Hilton Head Island,SC,US,2023-03-02 01:23:51,32.2163,-80.7526,71.65,86,0,9.22
31,31,Shawnee,KS,US,2023-03-02 01:23:52,39.05,-95.7669,52.25,35,0,6.91
33,33,Parsons,KS,US,2023-03-02 01:23:06,37.3403,-95.2611,53.89,47,84,8.34
34,34,Fortuna,CA,US,2023-03-02 01:23:53,40.5982,-124.1573,47.66,69,0,12.66
36,36,Pahrump,NV,US,2023-03-02 01:23:53,36.2083,-115.9839,41.05,73,94,10.0
38,38,Pismo Beach,CA,US,2023-03-02 01:23:55,35.1428,-120.6413,53.26,63,20,23.02
39,39,Makaha,HI,US,2023-03-02 01:23:56,21.4694,-158.2175,78.71,77,100,4.61
40,40,Lompoc,CA,US,2023-03-02 01:23:56,34.6391,-120.4579,51.94,65,20,26.46
42,42,Walla Walla,WA,US,2023-03-02 01:23:56,46.0646,-118.343,44.49,58,0,12.66
43,43,Pacific Grove,CA,US,2023-03-02 01:20:07,36.6177,-121.9166,53.89,68,0,25.01
45,45,Granger,IN,US,2023-03-02 01:23:59,41.7481,-86.1257,48.29,85,0,3.44
47,47,Suffolk,NY,US,2023-03-02 01:24:00,40.8668,-72.7996,40.91,89,100,5.75
49,49,Brownsville,TX,US,2023-03-02 01:21:10,25.9018,-97.4975,79.09,89,75,21.85
50,50,Ketchikan,AK,US,2023-03-02 01:25:01,55.3422,-131.6461,42.78,93,100,6.91
51,51,Coos Bay,OR,US,2023-03-02 01:25:01,43.3665,-124.2179,46.38,75,0,8.05
57,57,Venice,FL,US,2023-03-02 01:22:07,27.0998,-82.4543,73.98,91,0,1.01
61,61,Washougal,WA,US,2023-03-02 01:20:43,45.5826,-122.3534,46.26,67,75,5.75
63,63,Lake Havasu City,AZ,US,2023-03-02 01:25:06,34.4839,-114.3224,46.22,75,100,9.22
65,65,Payson,UT,US,2023-03-02 01:25:07,40.0444,-111.7321,34.59,90,100,4.61
70,70,Lynn Haven,FL,US,2023-03-02 01:25:09,30.2455,-85.6483,72.05,92,20,6.91
72,72,Lamar,TX,US,2023-03-02 01:25:10,33.6668,-95.5836,62.51,97,40,3.44
77,77,Waycross,GA,US,2023-03-02 01:21:16,31.2136,-82.354,73.63,87,40,6.91
84,84,Chalmette,LA,US,2023-03-02 01:25:15,29.9427,-89.9634,78.01,87,100,12.66
85,85,Moundsville,WV,US,2023-03-02 01:25:15,39.9203,-80.7431,67.95,60,100,5.37
86,86,Snyder,TX,US,2023-03-02 01:20:43,32.7179,-100.9176,61.14,27,0,5.75
90,90,Burley,ID,US,2023-03-02 01:22:03,42.5357,-113.7928,30.29,84,100,7.0
95,95,Mayo,MD,US,2023-03-02 01:25:19,38.8876,-76.5119,51.13,87,0,8.05
99,99,Jackson,OR,US,2023-03-02 01:26:21,42.4165,-122.8345,44.47,51,0,4.61
100,100,Merrill,WI,US,2023-03-02 01:26:22,45.1805,-89.6835,30.97,97,100,3.44
102,102,Alpena,MI,US,2023-03-02 01:26:23,45.0617,-83.4327,34.12,97,100,5.75
103,103,Ukiah,CA,US,2023-03-02 01:26:24,39.1502,-123.2078,51.69,57,0,1.01
107,107,Nantucket,MA,US,2023-03-02 01:26:26,41.2835,-70.0995,39.34,77,100,8.05
109,109,Redlands,CA,US,2023-03-02 01:26:27,34.0556,-117.1825,48.27,56,75,11.5
110,110,Big Spring,TX,US,2023-03-02 01:26:29,32.2504,-101.4787,67.23,20,0,4.61
112,112,Hurricane,UT,US,2023-03-02 01:26:30,37.1753,-113.2899,41.47,82,99,5.14
113,113,Kenai,AK,US,2023-03-02 01:26:31,60.5544,-151.2583,27.09,85,100,4.61
114,114,Fairbanks,AK,US,2023-03-02 01:25:14,64.8378,-147.7164,16.61,70,75,5.75
116,116,Eureka,CA,US,2023-03-02 01:26:32,40.8021,-124.1637,47.68,75,100,8.01
117,117,North Platte,NE,US,2023-03-02 01:26:33,41.1239,-100.7654,36.12,67,100,11.99
118,118,Kingsville,TX,US,2023-03-02 01:23:33,27.5159,-97.8561,77.68,85,100,16.11
119,119,Carpinteria,CA,US,2023-03-02 01:26:34,34.3989,-119.5185,53.89,48,1,19.71
120,120,Dublin,CA,US,2023-03-02 01:22:59,37.7021,-121.9358,54.68,37,0,13.8
121,121,Tucumcari,NM,US,2023-03-02 01:26:35,35.1717,-103.725,58.84,14,0,16.11
122,122,Brigantine,NJ,US,2023-03-02 01:26:35,39.4101,-74.3646,46.04,87,100,5.01
126,126,Valley City,ND,US,2023-03-02 01:26:37,46.9233,-98.0032,-1.68,84,0,8.05
127,127,Columbus,OH,US,2023-03-02 01:24:54,39.9612,-82.9988,70.0,51,100,19.57
128,128,Belle Fourche,SD,US,2023-03-02 01:26:37,44.6714,-103.8522,28.33,63,39,11.99
129,129,Palmer,MA,US,2023-03-02 01:26:38,42.1584,-72.3287,37.81,74,100,6.91
132,132,Marquette,MI,US,2023-03-02 01:26:39,46.5333,-87.6335,26.04,94,100,3.0
133,133,Lake Mary,FL,US,2023-03-02 01:26:40,28.7589,-81.3178,79.02,73,75,4.0
136,136,Piney Green,NC,US,2023-03-02 01:26:41,34.716,-77.3202,69.75,86,0,9.22
137,137,Suamico,WI,US,2023-03-02 01:26:41,44.6319,-88.0393,35.96,91,100,10.36
138,138,Houma,LA,US,2023-03-02 01:26:41,29.5958,-90.7195,77.0,88,40,18.41
140,140,Homer,AK,US,2023-03-02 01:26:42,59.6425,-151.5483,29.8,56,20,25.99
141,141,Abilene,TX,US,2023-03-02 01:24:42,32.4487,-99.7331,59.22,44,0,9.22
142,142,Soldotna,AK,US,2023-03-02 01:26:42,60.4878,-151.0583,27.01,80,40,4.61
145,145,Astoria,OR,US,2023-03-02 01:25:13,46.1879,-123.8313,43.93,77,100,8.05
148,148,Jasper,MO,US,2023-03-02 01:27:44,37.2001,-94.3502,54.88,42,0,3.44
149,149,Bemidji,MN,US,2023-03-02 01:26:36,47.4736,-94.8803,17.37,56,100,6.91
150,150,Blythe,CA,US,2023-03-02 01:27:44,33.6103,-114.5964,46.85,71,40,12.66
152,152,Kailua,HI,US,2023-03-02 01:27:20,21.4022,-157.7394,78.78,75,100,21.85
154,154,Callaway,FL,US,2023-03-02 01:27:30,30.153,-85.5699,72.0,93,0,10.36
156,156,Traverse City,MI,US,2023-03-02 01:23:59,44.7631,-85.6206,37.47,90,100,4.61
159,159,Kelso,WA,US,2023-03-02 01:27:46,46.1468,-122.9084,44.56,84,100,8.05
160,160,Beaver Dam,WI,US,2023-03-02 01:27:47,43.4578,-88.8373,44.74,68,75,10.36
162,162,Sterling,VA,US,2023-03-02 01:27:47,39.0062,-77.4286,53.69,74,20,7.0
165,165,El Dorado,CA,US,2023-03-02 01:27:48,38.7666,-120.5177,43.32,90,84,1.01
166,166,Cedar City,UT,US,2023-03-02 01:25:58,37.6775,-113.0619,29.37,93,75,0.0
171,171,Glendive,MT,US,2023-03-02 01:27:51,47.1053,-104.7125,24.49,80,100,6.91
173,173,Golden,CO,US,2023-03-02 01:27:51,39.7555,-105.2211,31.95,78,100,17.27
175,175,Prescott,AZ,US,2023-03-02 01:27:52,34.54,-112.4685,33.19,95,100,0.0
176,176,Excelsior Springs,MO,US,2023-03-02 01:27:53,39.3392,-94.2261,52.57,36,0,3.44
177,177,Marathon,WI,US,2023-03-02 01:27:53,44.9,-89.7668,33.04,93,100,5.75
178,178,Arvin,CA,US,2023-03-02 01:27:53,35.2091,-118.8284,46.85,96,99,10.47
179,179,Santa Ana,CA,US,2023-03-02 01:24:19,33.7456,-117.8678,54.0,42,20,17.27
180,180,Oakland,MI,US,2023-03-02 01:27:54,42.6667,-83.3999,44.96,80,75,6.91
181,181,Aiken,SC,US,2023-03-02 01:25:35,33.5835,-81.5998,71.89,86,0,6.91
182,182,Lewistown,PA,US,2023-03-02 01:27:54,40.5992,-77.5714,52.54,80,0,0.0
183,183,Altamont,OR,US,2023-03-02 01:27:54,42.2068,-121.7372,34.9,57,0,9.22
184,184,Harrisonburg,VA,US,2023-03-02 01:23:47,38.4496,-78.8689,54.01,72,0,0.0
185,185,Jonesboro,AR,US,2023-03-02 01:27:55,35.8423,-90.7043,64.22,93,100,5.75
186,186,Appleton,WI,US,2023-03-02 01:27:17,44.2619,-88.4154,35.69,92,100,9.22
190,190,Gainesville,FL,US,2023-03-02 01:27:42,29.6516,-82.3248,73.9,71,0,6.91
193,193,New Iberia,LA,US,2023-03-02 01:27:43,30.0035,-91.8187,77.07,88,0,12.66
198,198,Clarksdale,MS,US,2023-03-02 01:28:58,34.2001,-90.5709,69.91,88,100,9.22
199,199,Washington,WA,US,2023-03-02 01:28:12,47.5001,-120.5015,38.34,43,100,3.4
200,200,Vineland,NJ,US,2023-03-02 01:28:59,39.4862,-75.0257,46.85,79,100,4.61
201,201,Copperas Cove,TX,US,2023-03-02 01:28:59,31.1241,-97.9031,76.33,74,75,0.0
202,202,Flagstaff,AZ,US,2023-03-02 01:28:59,35.1981,-111.6513,29.12,94,100,0.0
204,204,Chickasha,OK,US,2023-03-02 01:29:00,35.0526,-97.9364,58.14,50,0,3.44
205,205,Billings,MT,US,2023-03-02 01:26:53,45.7833,-108.5007,31.28,75,100,5.01
206,206,Madera,CA,US,2023-03-02 01:28:26,37.1666,-119.8343,50.09,93,39,9.24
207,207,Juneau,AK,US,2023-03-02 01:26:17,58.3019,-134.4197,35.6,97,100,27.63
211,211,Loveland,CO,US,2023-03-02 01:26:42,40.3978,-105.075,32.23,85,100,3.44
213,213,Del Rio,TX,US,2023-03-02 01:26:59,29.3627,-100.8968,86.11,15,0,9.22
214,214,Godfrey,IL,US,2023-03-02 01:26:08,38.9556,-90.1868,58.82,66,0,10.36
216,216,Carlsbad,CA,US,2023-03-02 01:26:15,33.1581,-117.3506,53.01,57,0,19.57
218,218,Utica,NY,US,2023-03-02 01:29:04,43.1009,-75.2327,35.64,83,93,3.0
219,219,Soddy-Daisy,TN,US,2023-03-02 01:29:05,35.2359,-85.1908,71.98,82,98,4.88
220,220,Citrus Park,FL,US,2023-03-02 01:29:05,28.0784,-82.5698,73.29,81,0,5.75
222,222,Painesville,OH,US,2023-03-02 01:26:30,41.7245,-81.2457,51.67,86,0,5.99
224,224,Rio Grande City,TX,US,2023-03-02 01:27:04,26.3798,-98.8203,80.11,40,100,14.97
226,226,Haverhill,MA,US,2023-03-02 01:26:10,42.7762,-71.0773,38.41,80,100,6.91
227,227,Mount Pleasant,SC,US,2023-03-02 01:29:08,32.7941,-79.8626,72.09,92,0,8.05
228,228,Grand Forks,ND,US,2023-03-02 01:25:44,47.9417,-97.4337,4.93,72,0,12.66
229,229,Winslow,AZ,US,2023-03-02 01:29:10,35.0242,-110.6974,42.98,56,100,18.41
230,230,Great Falls,MT,US,2023-03-02 01:28:54,47.5002,-111.3008,33.67,45,0,13.8
232,232,Raton,NM,US,2023-03-02 01:29:11,36.9034,-104.4391,41.61,33,0,13.8
233,233,Newton,MA,US,2023-03-02 01:26:07,42.337,-71.2092,38.05,74,100,12.66
234,234,Poquoson,VA,US,2023-03-02 01:29:12,37.1224,-76.3458,55.02,100,40,0.0
235,235,Lumberton,NC,US,2023-03-02 01:29:12,34.6182,-79.0086,71.6,56,0,4.61
236,236,Clifton,NJ,US,2023-03-02 01:29:13,40.8584,-74.1638,42.69,85,100,5.75
238,238,Watertown,MA,US,2023-03-02 01:25:45,42.3709,-71.1828,38.34,74,100,12.66
239,239,Batesville,AR,US,2023-03-02 01:29:14,35.7698,-91.641,63.01,97,100,6.91
240,240,Pecos,TX,US,2023-03-02 01:29:14,31.4229,-103.4932,70.86,21,100,4.61
241,241,Back Mountain,PA,US,2023-03-02 01:29:15,41.3359,-75.9963,41.65,82,100,6.82
245,245,Brandon,FL,US,2023-03-02 01:30:16,27.9378,-82.2859,73.63,78,0,1.01
246,246,Great Bend,KS,US,2023-03-02 01:27:34,38.3645,-98.7648,50.04,34,0,8.05
247,247,Price,UT,US,2023-03-02 01:30:17,39.5994,-110.8107,29.46,86,100,0.0
249,249,Lawrenceburg,KY,US,2023-03-02 01:26:23,38.0373,-84.8966,73.98,40,75,16.11
250,250,Winnemucca,NV,US,2023-03-02 01:28:52,40.973,-117.7357,32.05,51,0,19.57
251,251,Tarpon Springs,FL,US,2023-03-02 01:30:18,28.1461,-82.7568,73.35,80,0,1.99
255,255,Monterey,CA,US,2023-03-02 01:30:19,36.2505,-121.2516,47.17,13,42,14.23
256,256,Fairview,NJ,US,2023-03-02 01:30:19,40.8126,-73.999,42.21,86,100,10.0
257,257,Miramar,FL,US,2023-03-02 01:30:19,25.9873,-80.2323,77.02,69,0,5.75
260,260,Wichita Falls,TX,US,2023-03-02 01:29:32,33.9137,-98.4934,56.41,59,0,8.05
263,263,Texarkana,TX,US,2023-03-02 01:30:21,33.4251,-94.0477,73.62,82,100,3.44
264,264,Pierre,SD,US,2023-03-02 01:30:21,44.3683,-100.351,18.52,78,100,10.36
268,268,Martinsville,VA,US,2023-03-02 01:30:20,36.6915,-79.8725,55.35,84,0,0.0
270,270,Morgan City,LA,US,2023-03-02 01:30:23,29.6994,-91.2068,77.0,91,8,11.48
276,276,Show Low,AZ,US,2023-03-02 01:30:24,34.2542,-110.0298,36.09,81,100,18.41
277,277,Butte,CA,US,2023-03-02 01:30:25,39.6499,-121.5677,53.62,28,0,5.75
279,279,Stillwater,OK,US,2023-03-02 01:30:25,36.1156,-97.0584,55.56,38,0,6.91
280,280,Thibodaux,LA,US,2023-03-02 01:28:22,29.7958,-90.8229,76.98,86,11,7.0
281,281,Cutler,FL,US,2023-03-02 01:30:26,25.6151,-80.3106,75.99,72,0,6.91
282,282,Scottsbluff,NE,US,2023-03-02 01:30:26,41.8666,-103.6672,34.92,62,100,9.22
285,285,Hutchinson,KS,US,2023-03-02 01:25:37,38.0608,-97.9298,49.03,40,0,4.61
286,286,Twin Falls,ID,US,2023-03-02 01:30:27,42.3505,-114.6445,28.92,69,100,12.66
287,287,Tuskegee,AL,US,2023-03-02 01:30:27,32.424,-85.6916,74.25,100,88,3.0
288,288,San Angelo,TX,US,2023-03-02 01:25:51,31.4638,-100.437,62.82,42,0,5.75
289,289,Platteville,WI,US,2023-03-02 01:30:28,42.7342,-90.4785,37.96,80,75,23.02
290,290,Broken Arrow,OK,US,2023-03-02 01:30:28,36.0526,-95.7908,57.65,40,0,8.05
291,291,Glenwood Springs,CO,US,2023-03-02 01:30:29,39.5505,-107.3248,33.03,80,100,8.05
292,292,Pacifica,CA,US,2023-03-02 01:30:29,37.6138,-122.4869,55.08,65,40,20.71
293,293,Baraboo,WI,US,2023-03-02 01:31:30,43.4711,-89.7443,41.14,75,100,11.5
296,296,Pineville,LA,US,2023-03-02 01:28:05,31.3224,-92.4343,78.73,76,100,12.66
297,297,Estelle,LA,US,2023-03-02 01:31:32,29.8458,-90.1067,78.01,81,75,12.66
299,299,Dickson,TN,US,2023-03-02 01:31:33,36.077,-87.3878,70.45,93,100,8.05
301,301,Mastic Beach,NY,US,2023-03-02 01:31:34,40.7668,-72.8521,41.2,93,100,8.01
302,302,Ken Caryl,CO,US,2023-03-02 01:31:34,39.5773,-105.1169,31.64,73,100,7.0
304,304,Dickinson,TX,US,2023-03-02 01:27:11,29.4608,-95.0513,77.13,88,100,10.36
306,306,Rupert,ID,US,2023-03-02 01:28:31,42.6191,-113.6772,28.35,86,100,6.91
310,310,Edgewater,FL,US,2023-03-02 01:31:36,28.9889,-80.9023,76.17,88,20,9.22
311,311,Palm Beach Gardens,FL,US,2023-03-02 01:31:36,26.8234,-80.1386,76.98,77,20,8.05
312,312,Willmar,MN,US,2023-03-02 01:31:37,45.1219,-95.0433,24.82,74,100,11.5
315,315,Darien,IL,US,2023-03-02 01:31:37,41.752,-87.974,51.6,65,75,10.36
317,317,Rutland,VT,US,2023-03-02 01:31:38,43.6167,-73.0162,35.58,84,100,12.66
319,319,Babylon,NY,US,2023-03-02 01:31:39,40.6957,-73.3257,41.32,92,100,9.22
320,320,Merced,CA,US,2023-03-02 01:29:28,37.1666,-120.7516,52.03,55,32,20.49
321,321,Imperial,CA,US,2023-03-02 01:30:30,33.0334,-115.4175,53.82,42,71,18.3
322,322,Elko,NV,US,2023-03-02 01:31:39,41.0002,-115.5012,24.82,79,25,4.83
323,323,Batavia,IL,US,2023-03-02 01:29:45,41.85,-88.3126,51.78,65,0,9.22
325,325,Grants,NM,US,2023-03-02 01:31:40,35.1473,-107.8514,32.23,93,100,6.91
327,327,Ahuimanu,HI,US,2023-03-02 01:31:41,21.4447,-157.8378,78.51,75,100,21.85
328,328,Lexington,KY,US,2023-03-02 01:28:36,37.9887,-84.4777,73.4,46,75,16.11
330,330,Rawlins,WY,US,2023-03-02 01:31:42,41.7911,-107.2387,19.35,79,100,2.06
331,331,Sartell,MN,US,2023-03-02 01:27:13,45.6216,-94.2069,24.75,79,100,13.0
332,332,Hollins,VA,US,2023-03-02 01:31:42,37.3413,-79.9431,55.6,82,0,8.05
334,334,Kewanee,IL,US,2023-03-02 01:30:25,41.2456,-89.9248,49.8,62,41,9.42
335,335,Key Largo,FL,US,2023-03-02 01:29:17,25.0865,-80.4473,75.97,56,0,10.96
336,336,Beatrice,NE,US,2023-03-02 01:31:43,40.2681,-96.747,45.18,70,0,13.8
338,338,Waverly,MI,US,2023-03-02 01:29:12,42.7392,-84.6208,39.36,84,0,3.44
339,339,Virginia Beach,VA,US,2023-03-02 01:27:42,36.8529,-75.978,55.04,89,100,5.75
340,340,Elizabeth City,NC,US,2023-03-02 01:31:44,36.2946,-76.2511,62.62,86,100,0.0
341,341,Princeton,FL,US,2023-03-02 01:30:20,25.5384,-80.4089,76.01,74,0,4.61
342,342,Woodward,OK,US,2023-03-02 01:27:56,36.4337,-99.3904,47.97,38,0,6.91
343,343,Ruidoso,NM,US,2023-03-02 01:32:44,33.3317,-105.673,48.56,19,5,14.97
344,344,Patterson,CA,US,2023-03-02 01:32:44,37.4716,-121.1297,53.35,64,44,18.05
345,345,Port Hueneme,CA,US,2023-03-02 01:32:45,34.1478,-119.1951,53.98,42,20,12.66
348,348,Raymond,ME,US,2023-03-02 01:28:50,43.9015,-70.4703,35.28,79,100,4.47
350,350,Muskogee,OK,US,2023-03-02 01:32:46,35.5834,-95.3336,58.96,52,0,5.75
351,351,Jacksonville,FL,US,2023-03-02 01:32:47,30.3322,-81.6556,77.04,73,0,8.05
353,353,Blackfoot,ID,US,2023-03-02 01:32:17,43.1905,-112.345,28.06,97,80,4.81
354,354,Tooele,UT,US,2023-03-02 01:31:48,40.5308,-112.2983,33.13,86,100,6.91
357,357,Freeport,NY,US,2023-03-02 01:32:48,40.6576,-73.5832,42.96,88,100,9.22
358,358,Pueblo,CO,US,2023-03-02 01:32:48,38.2545,-104.6091,44.44,46,0,0.0
359,359,Bozeman,MT,US,2023-03-02 01:32:49,45.6796,-111.0386,27.82,71,0,3.44
363,363,Arcata,CA,US,2023-03-02 01:32:52,40.8665,-124.0828,47.19,74,0,11.5
367,367,Galesburg,IL,US,2023-03-02 01:32:53,40.9478,-90.3712,49.71,52,0,6.91
368,368,Madison,AL,US,2023-03-02 01:30:34,34.7334,-86.5667,70.34,85,100,7.0
369,369,Baker City,OR,US,2023-03-02 01:30:55,44.7749,-117.8344,30.6,66,0,10.36
371,371,Cadillac,MI,US,2023-03-02 01:32:54,44.2519,-85.4012,35.51,75,100,0.0
372,372,Eufaula,AL,US,2023-03-02 01:32:54,31.8913,-85.1455,75.24,65,0,5.75
373,373,Dover,DE,US,2023-03-02 01:30:13,39.1582,-75.5244,47.17,78,100,8.05
376,376,Dillon,SC,US,2023-03-02 01:32:55,34.4166,-79.3712,72.25,63,100,9.19
379,379,Goodlettsville,TN,US,2023-03-02 01:32:56,36.3231,-86.7133,71.98,87,100,13.94
380,380,Wasilla,AK,US,2023-03-02 01:28:03,61.5814,-149.4394,23.2,83,100,11.5
381,381,Carbondale,IL,US,2023-03-02 01:32:56,37.7273,-89.2168,61.09,62,0,5.75
382,382,La Grande,OR,US,2023-03-02 01:32:56,45.3246,-118.0877,33.03,89,97,2.66
383,383,Mason City,IA,US,2023-03-02 01:30:27,43.1536,-93.201,32.32,90,100,18.41
385,385,West Fargo,ND,US,2023-03-02 01:32:57,46.875,-96.9004,5.02,82,0,13.8
386,386,Huron,OH,US,2023-03-02 01:32:57,41.1501,-82.5499,54.66,81,100,4.76
388,388,Isla Vista,CA,US,2023-03-02 01:32:17,34.4133,-119.861,53.49,58,40,13.8
392,392,Petersburg,VA,US,2023-03-02 01:32:29,37.2279,-77.4019,52.68,90,0,0.0
393,393,Saint George,UT,US,2023-03-02 01:33:59,37.1041,-113.5841,43.39,75,0,5.75
394,394,Bend,OR,US,2023-03-02 01:29:10,44.0582,-121.3153,37.26,38,0,12.66
395,395,Lufkin,TX,US,2023-03-02 01:34:00,31.3382,-94.7291,75.83,76,100,9.17
396,396,Kendallville,IN,US,2023-03-02 01:34:00,41.4414,-85.265,51.49,74,0,4.61
397,397,Fayetteville,NC,US,2023-03-02 01:30:03,35.0527,-78.8784,67.59,75,0,3.44
398,398,Asheboro,NC,US,2023-03-02 01:34:01,35.7079,-79.8136,57.58,76,0,0.0
399,399,North Tonawanda,NY,US,2023-03-02 01:31:54,43.0387,-78.8642,40.26,81,40,4.61
400,400,Lander,WY,US,2023-03-02 01:34:01,42.833,-108.7307,18.41,71,0,3.44
401,401,Indian Head,MD,US,2023-03-02 01:34:01,38.6001,-77.1622,54.36,82,0,6.91
402,402,Cottage Grove,MN,US,2023-03-02 01:34:02,44.8277,-92.9438,30.49,83,100,17.27
405,405,Huntsville,AL,US,2023-03-02 01:30:00,34.7304,-86.5861,70.79,85,100,7.0
407,407,Benton,AR,US,2023-03-02 01:30:04,36.3334,-94.3335,57.11,56,0,4.61
408,408,Fernandina Beach,FL,US,2023-03-02 01:30:20,30.6697,-81.4626,75.97,85,0,10.36
409,409,Oakdale,MN,US,2023-03-02 01:33:29,44.963,-92.9649,28.56,84,100,17.27
411,411,Altus,OK,US,2023-03-02 01:29:12,34.6381,-99.334,56.71,47,0,8.05
415,415,West Odessa,TX,US,2023-03-02 01:34:06,31.8424,-102.4988,70.05,21,100,11.61
416,416,Garden City,MI,US,2023-03-02 01:31:08,42.3256,-83.331,46.15,79,40,8.05
423,423,Canyon,TX,US,2023-03-02 01:34:01,34.9803,-101.9188,57.04,25,2,12.8
424,424,Bainbridge,WA,US,2023-03-02 01:30:06,47.6262,-122.5212,46.02,74,100,6.91
425,425,Lewiston,ME,US,2023-03-02 01:31:12,44.1003,-70.2148,34.14,79,100,6.91
426,426,Tehachapi,CA,US,2023-03-02 01:34:10,35.1322,-118.449,34.39,90,64,31.0
431,431,Big Rapids,MI,US,2023-03-02 01:29:36,43.6981,-85.4837,35.67,82,100,0.0
433,433,Key West,FL,US,2023-03-02 01:33:02,24.5557,-81.7826,77.0,69,0,15.01
434,434,Miami Beach,FL,US,2023-03-02 01:33:43,25.7906,-80.1301,77.0,70,0,6.91
436,436,Enid,OK,US,2023-03-02 01:34:13,36.3956,-97.8784,51.48,40,0,9.22
437,437,Bay Village,OH,US,2023-03-02 01:29:52,41.4848,-81.9221,53.31,79,75,4.61
438,438,Ormond Beach,FL,US,2023-03-02 01:32:38,29.2858,-81.0559,76.1,87,40,3.0
439,439,Troutdale,OR,US,2023-03-02 01:34:13,45.5393,-122.3873,45.19,71,100,4.0
440,440,Griffin,GA,US,2023-03-02 01:29:28,33.2468,-84.2641,71.8,83,75,3.44
441,441,Worthington,OH,US,2023-03-02 01:33:57,40.0931,-83.018,66.25,48,75,14.97
443,443,Whitefish,MT,US,2023-03-02 01:35:14,48.4111,-114.3376,30.2,81,100,4.61
444,444,Crestview,FL,US,2023-03-02 01:33:23,30.7621,-86.5705,72.68,91,40,10.36
445,445,Lebanon,TN,US,2023-03-02 01:32:28,36.2081,-86.2911,71.65,80,75,9.22
448,448,Morro Bay,CA,US,2023-03-02 01:35:16,35.3658,-120.8499,53.2,67,31,20.0
450,450,Yucaipa,CA,US,2023-03-02 01:35:17,34.0336,-117.0431,43.32,72,75,11.5
452,452,Chino Valley,AZ,US,2023-03-02 01:35:18,34.7575,-112.4538,35.11,93,100,0.0
453,453,Rathdrum,ID,US,2023-03-02 01:30:19,47.8137,-116.892,34.86,79,75,5.75
456,456,Morris,NJ,US,2023-03-02 01:34:12,40.8334,-74.5329,40.6,84,100,5.75
457,457,Natchez,MS,US,2023-03-02 01:35:19,31.5604,-91.4032,77.22,63,40,11.5
458,458,Gillette,WY,US,2023-03-02 01:35:20,44.2911,-105.5022,27.52,81,0,16.11
459,459,Escanaba,MI,US,2023-03-02 01:35:20,45.7453,-87.0646,34.11,92,100,5.75
461,461,Pensacola,FL,US,2023-03-02 01:35:21,30.4213,-87.2169,73.31,92,40,11.5
462,462,Atlantic Beach,FL,US,2023-03-02 01:33:52,30.3344,-81.3987,77.05,81,20,9.22
464,464,Laplace,LA,US,2023-03-02 01:35:23,30.0666,-90.4801,77.99,83,100,13.8
465,465,Virden,IL,US,2023-03-02 01:35:23,39.5009,-89.7679,54.05,73,100,6.64
466,466,Bay City,MI,US,2023-03-02 01:35:23,43.5945,-83.8889,37.72,89,100,9.22
467,467,Taylorville,IL,US,2023-03-02 01:35:24,39.5489,-89.2945,53.78,76,0,6.91
468,468,Rancho Palos Verdes,CA,US,2023-03-02 01:34:41,33.7445,-118.387,54.55,52,20,20.71
470,470,Pontiac,MI,US,2023-03-02 01:31:27,42.6389,-83.2911,44.94,79,75,6.91
474,474,South Lake Tahoe,CA,US,2023-03-02 01:34:07,38.9332,-119.9844,24.26,76,75,6.91
475,475,Rohnert Park,CA,US,2023-03-02 01:35:26,38.3396,-122.7011,55.08,36,0,8.05
476,476,Seminole,FL,US,2023-03-02 01:35:27,28.7086,-81.2081,79.16,73,75,3.44
477,477,Clinton,MI,US,2023-03-02 01:33:45,42.587,-82.9199,45.21,78,40,9.22
478,478,Williston,ND,US,2023-03-02 01:35:28,48.147,-103.618,15.04,68,100,3.0
480,480,Gadsden,AL,US,2023-03-02 01:32:39,34.0143,-86.0066,73.63,83,20,4.61
481,481,Portland,OR,US,2023-03-02 01:34:15,45.5234,-122.6762,45.81,69,75,5.75
483,483,Indianola,IA,US,2023-03-02 01:35:29,41.3581,-93.5574,37.89,72,85,5.01
485,485,Marshall,AL,US,2023-03-02 01:34:19,34.3834,-86.3333,71.42,83,100,6.55
486,486,Nanakuli,HI,US,2023-03-02 01:35:31,21.3906,-158.1547,78.75,62,20,18.41
487,487,Fort Morgan,CO,US,2023-03-02 01:31:37,40.2503,-103.8,34.27,74,100,16.11
488,488,Wenatchee,WA,US,2023-03-02 01:35:31,47.4235,-120.3103,43.18,41,100,8.05
489,489,Brattleboro,VT,US,2023-03-02 01:35:32,42.8509,-72.5579,36.09,91,100,1.01
492,492,Port Jervis,NY,US,2023-03-02 01:34:18,41.3751,-74.6927,38.82,84,66,3.78
493,493,Avon Park,FL,US,2023-03-02 01:32:00,27.5959,-81.5062,74.95,61,2,6.2
494,494,Lockhart,FL,US,2023-03-02 01:36:33,28.6194,-81.4426,78.89,71,40,11.5
496,496,Cape Canaveral,FL,US,2023-03-02 01:36:34,28.4058,-80.6048,75.27,82,0,10.36
498,498,Hermitage,PA,US,2023-03-02 01:36:35,41.2334,-80.4487,54.63,58,75,8.05
500,500,Hibbing,MN,US,2023-03-02 01:33:56,47.4272,-92.9377,15.4,32,75,6.91
501,501,Artesia,CA,US,2023-03-02 01:36:36,33.8658,-118.0831,54.93,41,20,17.27
502,502,Black Forest,CO,US,2023-03-02 01:36:36,39.0131,-104.7008,33.8,58,75,11.5
504,504,Boone,MO,US,2023-03-02 01:32:48,39.0334,-92.3335,53.85,41,98,6.35
507,507,Marshalltown,IA,US,2023-03-02 01:36:38,42.0494,-92.908,33.91,75,100,23.02
509,509,Menasha,WI,US,2023-03-02 01:36:39,44.2022,-88.4465,35.78,92,100,9.22
511,511,Terre Haute,IN,US,2023-03-02 01:33:00,39.4667,-87.4139,59.27,69,0,9.22
514,514,Huntington,WV,US,2023-03-02 01:34:07,38.4193,-82.4452,74.3,51,0,8.05
518,518,Destin,FL,US,2023-03-02 01:36:41,30.3935,-86.4958,73.02,92,0,14.0
519,519,Craig,CO,US,2023-03-02 01:36:42,40.5153,-107.5464,26.22,80,100,5.75
522,522,Portales,NM,US,2023-03-02 01:34:16,34.1862,-103.3344,61.79,16,1,11.59
527,527,Safford,AZ,US,2023-03-02 01:36:44,32.834,-109.7076,59.92,29,40,9.22
530,530,Millinocket,ME,US,2023-03-02 01:36:45,45.6573,-68.7098,30.31,86,20,3.44
531,531,Klamath Falls,OR,US,2023-03-02 01:33:53,42.2249,-121.7817,34.97,57,0,9.22
532,532,Enumclaw,WA,US,2023-03-02 01:36:46,47.2043,-121.9915,43.79,65,100,7.0
533,533,North Branch,MN,US,2023-03-02 01:36:46,45.5113,-92.9802,26.98,91,100,3.0
534,534,Anaconda,MT,US,2023-03-02 01:36:46,46.1285,-112.9423,25.79,88,100,5.1
535,535,Grafton,MA,US,2023-03-02 01:36:27,42.207,-71.6856,36.91,74,100,1.01
536,536,Brookhaven,MS,US,2023-03-02 01:32:33,31.5791,-90.4407,74.86,81,22,7.47
538,538,Muskego,WI,US,2023-03-02 01:33:10,42.9058,-88.139,47.91,73,0,6.91
539,539,Sheboygan,WI,US,2023-03-02 01:37:48,43.7333,-87.9334,37.49,91,100,5.75
540,540,College,AK,US,2023-03-02 01:37:49,64.8569,-147.8028,16.59,69,100,5.75
541,541,Green River,WY,US,2023-03-02 01:37:50,41.5286,-109.4662,21.6,93,100,3.15
542,542,Gastonia,NC,US,2023-03-02 01:37:50,35.2621,-81.1873,62.58,75,0,0.0
543,543,Cloquet,MN,US,2023-03-02 01:37:51,46.7216,-92.4594,20.79,88,100,8.88
545,545,Mitchell,SD,US,2023-03-02 01:37:52,43.7094,-98.0298,17.58,79,100,12.66
546,546,Hopkinsville,KY,US,2023-03-02 01:33:01,36.8656,-87.4886,64.62,100,100,13.04
549,549,Collierville,TN,US,2023-03-02 01:37:54,35.042,-89.6645,64.94,95,100,6.91
551,551,Perry,KY,US,2023-03-02 01:37:55,37.2506,-83.1999,73.58,80,99,8.3
552,552,Sanford,FL,US,2023-03-02 01:37:56,28.8006,-81.2731,78.85,74,75,3.44
553,553,Evans,GA,US,2023-03-02 01:37:56,33.5337,-82.1307,71.8,86,0,6.91
554,554,Carroll,MD,US,2023-03-02 01:37:57,39.5501,-77.0164,50.52,85,0,9.22
555,555,Dubuque,IA,US,2023-03-02 01:37:57,42.4833,-90.8668,37.62,69,75,21.85
565,565,Sheridan,WY,US,2023-03-02 01:38:01,44.8333,-106.9173,23.38,63,0,6.91
566,566,Hays,TX,US,2023-03-02 01:38:02,30.0502,-98.0336,78.93,76,100,7.31
568,568,Houston,TX,US,2023-03-02 01:37:54,29.7633,-95.3633,78.31,82,75,11.5
571,571,Carmel,IN,US,2023-03-02 01:35:42,39.9784,-86.118,58.59,67,0,11.99
572,572,Ocean City,NJ,US,2023-03-02 01:38:04,39.2776,-74.5746,46.65,83,100,3.0
573,573,Sandpoint,ID,US,2023-03-02 01:38:04,48.2766,-116.5533,33.44,69,75,6.91
575,575,Rio Rancho,NM,US,2023-03-02 01:36:49,35.2334,-106.6645,48.34,39,100,14.97
577,577,Montrose,CO,US,2023-03-02 01:34:49,38.4166,-108.2673,26.17,92,100,3.33
578,578,Dawson,GA,US,2023-03-02 01:38:06,31.7735,-84.4466,75.58,75,23,10.02
579,579,Port Huron,MI,US,2023-03-02 01:36:24,42.9709,-82.4249,38.01,81,75,5.75
581,581,Port Orange,FL,US,2023-03-02 01:38:08,29.1383,-80.9956,76.1,84,40,9.22
585,585,Ruston,LA,US,2023-03-02 01:38:09,32.5232,-92.6379,76.59,88,0,9.22
586,586,Rockport,TX,US,2023-03-02 01:39:10,28.0206,-97.0544,75.24,93,100,21.85
588,588,Riverton,UT,US,2023-03-02 01:39:04,40.5219,-111.9391,35.11,89,81,8.99
591,591,Oro Valley,AZ,US,2023-03-02 01:39:12,32.3909,-110.9665,60.98,42,96,29.71
593,593,Casper,WY,US,2023-03-02 01:39:12,42.8666,-106.3131,23.59,80,20,2.33
594,594,Bentonville,AR,US,2023-03-02 01:36:03,36.3728,-94.2088,57.6,57,0,4.61
598,598,Roswell,GA,US,2023-03-02 01:38:51,34.0232,-84.3616,71.85,77,0,9.22
599,599,Lapeer,MI,US,2023-03-02 01:39:14,43.0514,-83.3188,40.66,75,100,0.0
600,600,Beeville,TX,US,2023-03-02 01:36:24,28.4008,-97.7483,77.29,94,100,13.8
603,603,Sturgis,MI,US,2023-03-02 01:38:08,41.7992,-85.4192,47.86,87,0,4.61
604,604,Graham,WA,US,2023-03-02 01:34:55,47.0529,-122.2943,44.37,66,100,9.22
606,606,North Versailles,PA,US,2023-03-02 01:39:16,40.3798,-79.8095,60.57,74,100,1.99
608,608,Cheney,WA,US,2023-03-02 01:39:17,47.4874,-117.5758,35.94,70,100,11.5
609,609,Racine,WI,US,2023-03-02 01:39:18,42.7495,-88.0751,47.89,69,0,6.91
610,610,Canon City,CO,US,2023-03-02 01:39:18,38.441,-105.2424,40.98,54,0,9.22
611,611,Lexington-Fayette,KY,US,2023-03-02 01:36:06,38.0498,-84.4585,73.35,46,75,16.11
612,612,Danville,VA,US,2023-03-02 01:39:19,36.586,-79.395,56.03,86,0,0.0
616,616,Bowling Green,KY,US,2023-03-02 01:38:02,36.9903,-86.4436,71.53,75,100,24.16
617,617,Lahaina,HI,US,2023-03-02 01:39:21,20.8783,-156.6825,76.24,97,40,24.27
620,620,Reidsville,NC,US,2023-03-02 01:39:22,36.3549,-79.6645,56.32,83,100,5.03
621,621,Henderson,NV,US,2023-03-02 01:39:22,36.0397,-114.9819,47.82,51,100,8.05
622,622,Yazoo City,MS,US,2023-03-02 01:36:46,32.8551,-90.4056,74.91,78,89,11.95
624,624,Lakeside,FL,US,2023-03-02 01:39:23,30.13,-81.7682,76.98,73,0,6.91
626,626,Duluth,MN,US,2023-03-02 01:37:03,46.7833,-92.1066,22.48,83,100,14.97
627,627,Barrow,AK,US,2023-03-02 01:39:24,71.2906,-156.7887,-14.78,76,0,14.97
628,628,Aventura,FL,US,2023-03-02 01:39:25,25.9565,-80.1392,77.02,70,20,5.75
630,630,Cortland,NY,US,2023-03-02 01:39:25,42.6001,-76.083,40.68,76,0,8.05
635,635,Anacortes,WA,US,2023-03-02 01:36:34,48.5126,-122.6127,43.09,80,100,12.66
637,637,Atlantic City,NJ,US,2023-03-02 01:36:11,39.3643,-74.4229,46.02,85,100,4.61
638,638,Thomasville,NC,US,2023-03-02 01:37:58,35.8826,-80.082,56.64,86,100,4.36
643,643,Geneva,IL,US,2023-03-02 01:37:37,41.8875,-88.3054,51.35,65,0,9.22
644,644,Ewa Beach,HI,US,2023-03-02 01:40:31,21.3156,-158.0072,75.15,74,75,17.27
645,645,Galveston,TX,US,2023-03-02 01:38:02,29.3669,-94.9669,76.05,88,100,12.66
646,646,Wilmington,NC,US,2023-03-02 01:37:02,34.2257,-77.9447,69.71,79,20,12.66
647,647,Lyndon,KY,US,2023-03-02 01:40:32,38.2567,-85.6016,67.82,73,75,19.57
648,648,Hobbs,NM,US,2023-03-02 01:35:59,32.7026,-103.136,64.99,20,0,10.36
649,649,Miles City,MT,US,2023-03-02 01:40:32,46.4083,-105.8406,29.37,74,100,6.91
650,650,Quincy,MA,US,2023-03-02 01:40:33,42.2529,-71.0023,38.44,75,100,12.66
651,651,Sylacauga,AL,US,2023-03-02 01:40:33,33.1732,-86.2516,75.33,73,100,5.75
653,653,Terrell,TX,US,2023-03-02 01:38:16,32.736,-96.2753,66.9,88,100,4.99
654,654,Ashtabula,OH,US,2023-03-02 01:36:29,41.7001,-80.7665,49.64,91,40,0.0
656,656,Ferndale,MI,US,2023-03-02 01:40:35,42.4606,-83.1347,45.1,77,40,5.75
660,660,Ridgecrest,CA,US,2023-03-02 01:40:36,35.6225,-117.6709,43.68,42,75,24.16
661,661,Minot,ND,US,2023-03-02 01:37:56,48.2325,-101.2963,7.02,72,0,10.36
662,662,Natchitoches,LA,US,2023-03-02 01:40:37,31.7668,-93.1335,76.98,69,0,8.05
665,665,Anchorage,AK,US,2023-03-02 01:37:51,61.2181,-149.9003,24.93,87,100,11.5
666,666,Hoquiam,WA,US,2023-03-02 01:35:39,46.9809,-123.8893,44.96,77,100,9.22
667,667,Ashland,OH,US,2023-03-02 01:36:12,40.8167,-82.2665,57.74,80,100,5.19
669,669,South Yarmouth,MA,US,2023-03-02 01:40:39,41.6668,-70.1847,39.38,80,100,5.01
673,673,Yucca Valley,CA,US,2023-03-02 01:40:13,34.1142,-116.4322,37.13,65,53,18.99
675,675,Enterprise,NV,US,2023-03-02 01:36:33,36.0252,-115.2419,46.33,50,75,8.05
677,677,Circleville,OH,US,2023-03-02 01:38:41,39.6006,-82.946,68.09,41,100,4.61
678,678,Redmond,WA,US,2023-03-02 01:39:05,47.674,-122.1215,45.28,74,99,5.99
682,682,Wahpeton,ND,US,2023-03-02 01:40:43,46.2652,-96.6059,13.91,85,100,17.27
683,683,Aztec,NM,US,2023-03-02 01:40:43,36.8222,-107.9929,42.21,82,100,3.0
684,684,Cerritos,CA,US,2023-03-02 01:41:44,33.8583,-118.0648,54.41,42,20,17.27
685,685,Bayshore Gardens,FL,US,2023-03-02 01:41:44,27.4253,-82.5904,73.44,69,0,4.61
686,686,Ontario,CA,US,2023-03-02 01:39:44,34.0633,-117.6509,50.22,44,40,19.57
687,687,Rockland,NY,US,2023-03-02 01:41:44,41.1668,-74.0496,40.86,88,71,1.01
688,688,Camp Verde,AZ,US,2023-03-02 01:41:45,34.5636,-111.8543,42.89,100,100,2.26
689,689,Sierra Vista,AZ,US,2023-03-02 01:38:54,31.5545,-110.3037,52.25,36,100,25.32
690,690,Valdosta,GA,US,2023-03-02 01:41:45,30.8327,-83.2785,73.31,83,0,11.5
694,694,Hammond,IN,US,2023-03-02 01:41:46,41.5834,-87.5,52.14,90,0,0.0
696,696,San Patricio,TX,US,2023-03-02 01:41:47,28.017,-97.5169,77.16,84,100,13.44
697,697,Lovington,NM,US,2023-03-02 01:41:47,32.944,-103.3485,62.17,29,56,1.99
699,699,Bellview,FL,US,2023-03-02 01:41:48,30.4616,-87.315,73.49,92,40,11.5
701,701,Rochester,NY,US,2023-03-02 01:41:21,43.1548,-77.6156,40.62,84,0,6.91
702,702,Laurel,MD,US,2023-03-02 01:40:01,39.0993,-76.8483,51.94,84,0,5.75
705,705,Merritt Island,FL,US,2023-03-02 01:41:25,28.5392,-80.672,75.04,82,0,9.22
706,706,Kingman,AZ,US,2023-03-02 01:40:07,35.1894,-114.053,35.08,92,100,10.36
712,712,Macomb,IL,US,2023-03-02 01:41:51,40.4592,-90.6718,51.84,61,0,5.75
713,713,Albany,NY,US,2023-03-02 01:41:51,42.6001,-73.9662,36.45,73,98,1.99
714,714,Elk City,OK,US,2023-03-02 01:38:20,35.412,-99.4043,46.62,42,0,4.61
720,720,Dumas,TX,US,2023-03-02 01:41:53,35.8656,-101.9732,48.34,20,0,10.36
722,722,Clovis,CA,US,2023-03-02 01:41:54,36.8252,-119.7029,51.69,54,40,14.97
724,724,Jennings,MO,US,2023-03-02 01:41:55,38.7192,-90.2604,59.22,57,100,11.5
725,725,Vidalia,GA,US,2023-03-02 01:41:55,32.2177,-82.4135,74.98,78,0,3.44
726,726,Rantoul,IL,US,2023-03-02 01:41:55,40.3084,-88.1559,53.02,80,40,4.61
727,727,Orange Cove,CA,US,2023-03-02 01:41:56,36.6244,-119.3137,51.46,76,75,9.22
729,729,Charlottesville,VA,US,2023-03-02 01:38:43,38.0293,-78.4767,54.41,83,0,8.99
730,730,East Hampton,VA,US,2023-03-02 01:39:01,37.0374,-76.3316,55.02,90,40,3.44
731,731,Walker,TX,US,2023-03-02 01:41:57,30.7335,-95.5669,78.35,68,100,9.53
732,732,West Wendover,NV,US,2023-03-02 01:41:57,40.7391,-114.0733,34.81,51,20,10.36
734,734,Alamogordo,NM,US,2023-03-02 01:42:58,32.8995,-105.9603,61.61,17,40,21.85
735,735,Danbury,CT,US,2023-03-02 01:41:58,41.3948,-73.454,38.26,85,100,3.44
736,736,Cumberland,NC,US,2023-03-02 01:42:58,35.0502,-78.8664,67.48,76,0,3.44
738,738,Dana Point,CA,US,2023-03-02 01:42:59,33.467,-117.6981,53.24,48,43,23.0
739,739,Warren,OH,US,2023-03-02 01:43:00,39.4334,-84.1666,66.42,69,75,14.97
741,741,Groton,CT,US,2023-03-02 01:43:01,41.3501,-72.0784,40.08,83,100,10.36
744,744,Gresham,OR,US,2023-03-02 01:39:18,45.4982,-122.4315,44.22,72,100,3.0
746,746,Middlebury,VT,US,2023-03-02 01:43:04,44.0153,-73.1673,35.65,95,100,3.44
747,747,Vermillion,SD,US,2023-03-02 01:43:04,42.7794,-96.9292,23.72,90,100,9.82
748,748,Harrisonville,MO,US,2023-03-02 01:43:01,38.6533,-94.3488,52.18,36,0,6.91
749,749,Atchison,KS,US,2023-03-02 01:43:05,39.563,-95.1216,50.72,51,2,7.76
751,751,Claremore,OK,US,2023-03-02 01:43:07,36.3126,-95.6161,58.08,46,0,9.22
752,752,Lancaster,PA,US,2023-03-02 01:43:07,40.2504,-76.2499,45.16,85,0,6.91
754,754,Poplar Bluff,MO,US,2023-03-02 01:43:08,36.757,-90.3929,64.29,86,100,5.75
756,756,Truth Or Consequences,NM,US,2023-03-02 01:43:09,33.1284,-107.2528,59.23,20,0,19.57
758,758,Mount Holly,NC,US,2023-03-02 01:43:10,35.2982,-81.0159,62.96,76,0,1.01
759,759,Silver City,NM,US,2023-03-02 01:43:11,32.7701,-108.2803,47.66,36,100,10.0
760,760,Bossier City,LA,US,2023-03-02 01:39:10,32.516,-93.7321,79.05,71,75,8.05
761,761,Opelika,AL,US,2023-03-02 01:42:26,32.6454,-85.3783,73.65,79,0,6.91
762,762,South Sioux City,NE,US,2023-03-02 01:43:12,42.4739,-96.4136,26.55,80,100,19.57
763,763,New Smyrna Beach,FL,US,2023-03-02 01:43:12,29.0258,-80.927,76.17,88,20,9.22
766,766,Winona,MN,US,2023-03-02 01:43:14,43.9666,-91.7668,35.4,87,100,5.75
768,768,Independence,MO,US,2023-03-02 01:43:15,39.0911,-94.4155,51.89,33,0,5.75
769,769,Cheyenne,WY,US,2023-03-02 01:39:55,41.14,-104.8203,25.09,85,100,9.22
770,770,Lake City,FL,US,2023-03-02 01:40:52,30.1897,-82.6393,71.78,83,0,6.91
771,771,Greenville,NC,US,2023-03-02 01:43:15,35.6127,-77.3663,69.82,89,0,0.0
772,772,Defiance,OH,US,2023-03-02 01:39:57,41.3334,-84.45,52.07,76,0,4.61
773,773,Oneonta,NY,US,2023-03-02 01:43:16,42.4529,-75.0638,37.72,88,77,11.72
774,774,Bremerton,WA,US,2023-03-02 01:43:16,47.5673,-122.6326,45.46,76,20,12.66
778,778,Sweetwater,FL,US,2023-03-02 01:43:18,25.7634,-80.3731,76.01,70,0,7.0
781,781,Fort Myers Beach,FL,US,2023-03-02 01:43:19,26.452,-81.9481,75.25,82,0,3.44
782,782,Fairmont,WV,US,2023-03-02 01:44:19,39.4851,-80.1426,70.72,40,93,10.71
783,783,Toppenish,WA,US,2023-03-02 01:44:20,46.3774,-120.3087,46.4,60,99,7.58
787,787,Sevierville,TN,US,2023-03-02 01:44:21,35.8681,-83.5618,71.89,67,40,6.91
790,790,West Plains,MO,US,2023-03-02 01:44:22,36.7281,-91.8524,59.09,60,40,5.75
792,792,Fruitvale,CO,US,2023-03-02 01:44:23,39.0817,-108.4968,36.9,89,100,4.61
793,793,Torrington,CT,US,2023-03-02 01:44:24,41.8007,-73.1212,37.11,86,89,1.99
795,795,Covington,KY,US,2023-03-02 01:44:24,39.0837,-84.5086,67.6,73,100,12.66
797,797,Bullhead City,AZ,US,2023-03-02 01:44:25,35.1478,-114.5683,45.82,76,40,7.0
799,799,Polson,MT,US,2023-03-02 01:44:26,47.6936,-114.1632,18.93,93,100,2.62
800,800,Smyrna,GA,US,2023-03-02 01:44:27,33.884,-84.5144,71.94,77,75,9.22
801,801,Wentzville,MO,US,2023-03-02 01:44:27,38.8114,-90.8529,57.76,60,100,1.01
802,802,Americus,GA,US,2023-03-02 01:44:28,32.0724,-84.2327,74.79,78,0,6.91
806,806,Brownwood,TX,US,2023-03-02 01:41:35,31.7093,-98.9912,60.8,48,75,0.0
807,807,Rapid Valley,SD,US,2023-03-02 01:44:30,44.0625,-103.1463,25.38,81,100,14.97
808,808,Elk Point,SD,US,2023-03-02 01:44:30,42.6833,-96.6836,26.44,90,100,10.51
810,810,Riverdale,GA,US,2023-03-02 01:43:07,33.5726,-84.4133,72.39,80,75,5.01
812,812,Saraland,AL,US,2023-03-02 01:44:32,30.8207,-88.0706,75.92,81,8,9.46
815,815,Laramie,WY,US,2023-03-02 01:44:33,41.3114,-105.5911,22.77,83,75,21.85
817,817,Liberal,KS,US,2023-03-02 01:40:54,37.0431,-100.921,46.54,25,0,8.05
822,822,Fountain,CO,US,2023-03-02 01:44:35,38.6822,-104.7008,39.65,50,0,9.22
823,823,Highland,CA,US,2023-03-02 01:44:35,34.1283,-117.2086,48.02,70,75,11.5
825,825,Selma,CA,US,2023-03-02 01:44:36,36.5708,-119.6121,51.85,81,100,5.75
826,826,Yankton,SD,US,2023-03-02 01:44:36,42.8711,-97.3973,21.11,93,100,11.5
827,827,Raymondville,TX,US,2023-03-02 01:44:37,26.4815,-97.7831,78.91,76,100,16.15
828,828,Tallahassee,FL,US,2023-03-02 01:44:37,30.4383,-84.2807,73.24,89,0,8.05
829,829,Kihei,HI,US,2023-03-02 01:44:38,20.785,-156.4656,74.3,88,40,14.97
834,834,Elk Plain,WA,US,2023-03-02 01:45:40,47.0532,-122.3976,44.08,66,100,9.22
835,835,Crowley,LA,US,2023-03-02 01:45:40,30.2141,-92.3746,77.07,89,46,12.8
837,837,Dodge City,KS,US,2023-03-02 01:43:54,37.7528,-100.0171,49.68,30,0,6.91
838,838,Spring Valley,NV,US,2023-03-02 01:45:41,36.108,-115.245,45.95,48,75,9.22
840,840,San Anselmo,CA,US,2023-03-02 01:45:42,37.9747,-122.5616,55.27,56,0,11.5
841,841,Kennett,MO,US,2023-03-02 01:45:42,36.2362,-90.0556,64.4,98,100,5.75
842,842,Emporia,KS,US,2023-03-02 01:41:06,38.4039,-96.1817,52.0,28,0,6.91
843,843,Chesterville,ME,US,2023-03-02 01:45:43,44.5512,-70.0862,33.46,81,100,3.87
847,847,Holly Springs,NC,US,2023-03-02 01:45:44,35.6513,-78.8336,59.99,81,100,3.69
848,848,Beckley,WV,US,2023-03-02 01:45:44,37.7782,-81.1882,61.21,44,0,6.91
849,849,Bryan,TX,US,2023-03-02 01:45:45,30.6744,-96.37,76.89,72,0,8.05
852,852,Waconia,MN,US,2023-03-02 01:45:45,44.8508,-93.7869,28.4,82,96,8.99
854,854,Saint Cloud,MN,US,2023-03-02 01:45:46,45.5608,-94.1625,24.8,78,100,11.99
855,855,Parker,TX,US,2023-03-02 01:45:20,32.7668,-97.8003,61.92,61,100,4.14
856,856,Putnam,TN,US,2023-03-02 01:45:47,36.1667,-85.65,70.14,79,75,10.36
857,857,Rock Springs,WY,US,2023-03-02 01:45:47,41.5875,-109.2029,20.64,86,100,6.91
859,859,New London,CT,US,2023-03-02 01:45:47,41.4834,-72.0662,40.1,84,100,10.36
861,861,Sumter,FL,US,2023-03-02 01:45:48,28.7086,-82.0831,75.15,80,1,5.88
862,862,Cleveland,OH,US,2023-03-02 01:44:30,41.4995,-81.6954,54.73,80,75,8.05
866,866,Morganton,NC,US,2023-03-02 01:41:38,35.7454,-81.6848,61.07,78,0,1.99
867,867,Burkburnett,TX,US,2023-03-02 01:44:25,34.0979,-98.5706,56.98,64,75,8.05
868,868,Easton,PA,US,2023-03-02 01:43:29,40.6884,-75.2207,45.82,81,100,6.91
869,869,Tualatin,OR,US,2023-03-02 01:44:39,45.384,-122.764,44.89,71,100,4.61
870,870,Monroe,NY,US,2023-03-02 01:44:17,43.1501,-77.6831,40.53,84,0,6.91
874,874,Hailey,ID,US,2023-03-02 01:45:51,43.5196,-114.3153,22.86,93,75,0.0
875,875,Yakima,WA,US,2023-03-02 01:45:51,46.4665,-120.6678,44.53,48,100,12.66
876,876,Fernley,NV,US,2023-03-02 01:43:04,39.608,-119.2518,33.03,44,8,5.99
877,877,Fairfield,CT,US,2023-03-02 01:45:16,41.2668,-73.3162,38.64,85,100,10.36
879,879,Pulaski,AR,US,2023-03-02 01:46:52,34.7668,-92.3001,64.51,92,75,4.0
881,881,Kuna,ID,US,2023-03-02 01:46:52,43.4918,-116.4201,39.76,60,0,14.97
882,882,Sayville,NY,US,2023-03-02 01:46:53,40.7359,-73.0821,41.29,93,100,10.36
884,884,Boulder City,NV,US,2023-03-02 01:46:53,35.9786,-114.8325,45.43,65,100,5.75
885,885,Black Diamond,WA,US,2023-03-02 01:46:54,47.3087,-122.0032,44.24,65,100,5.99
887,887,Taos,NM,US,2023-03-02 01:46:54,36.4072,-105.5731,34.2,71,75,8.05
892,892,Mattawa,WA,US,2023-03-02 01:46:56,46.7379,-119.9028,46.4,55,100,9.22
893,893,Kalamazoo,MI,US,2023-03-02 01:42:43,42.2506,-85.55,44.85,76,0,3.44
896,896,Fort Payne,AL,US,2023-03-02 01:46:57,34.4442,-85.7197,70.32,77,100,1.99
898,898,Terrytown,LA,US,2023-03-02 01:46:57,29.9102,-90.0326,78.01,81,75,12.66
900,900,Harrison,MS,US,2023-03-02 01:46:58,30.4091,-89.0436,73.76,93,100,9.22
901,901,Marinette,WI,US,2023-03-02 01:46:58,45.1,-87.6307,34.25,86,100,8.37
902,902,Arkansas City,KS,US,2023-03-02 01:45:16,37.062,-97.0384,53.74,28,0,4.61
905,905,Cody,WY,US,2023-03-02 01:47:00,44.5263,-109.0565,28.62,63,0,5.99
906,906,Cimarron Hills,CO,US,2023-03-02 01:47:00,38.8586,-104.6989,37.06,56,75,10.36
907,907,Council Bluffs,IA,US,2023-03-02 01:46:41,41.2619,-95.8608,33.78,75,100,19.57
909,909,Sammamish,WA,US,2023-03-02 01:44:26,47.6418,-122.0804,45.12,73,99,1.01
910,910,Saint Joseph,MO,US,2023-03-02 01:45:00,39.7686,-94.8466,46.78,45,0,9.22
911,911,Denison,TX,US,2023-03-02 01:47:01,33.7557,-96.5367,61.18,61,0,4.0
915,915,Springfield,MO,US,2023-03-02 01:44:47,37.2153,-93.2982,54.54,48,0,6.91
916,916,Fallon,NV,US,2023-03-02 01:43:16,39.4735,-118.7774,35.47,51,75,11.5
917,917,Middletown,OH,US,2023-03-02 01:43:21,39.5151,-84.3983,66.76,67,0,14.97
919,919,South Patrick Shores,FL,US,2023-03-02 01:47:03,28.2022,-80.6095,75.29,84,0,10.36
920,920,Nicholasville,KY,US,2023-03-02 01:47:03,37.8806,-84.573,73.54,46,75,16.11
923,923,Wahiawa,HI,US,2023-03-02 01:47:05,21.5028,-158.0236,71.92,74,75,13.8
925,925,Alamosa,CO,US,2023-03-02 01:47:06,37.4695,-105.87,30.18,69,0,12.66
927,927,Healdsburg,CA,US,2023-03-02 01:47:07,38.6105,-122.8692,49.86,83,96,5.7
928,928,Centralia,WA,US,2023-03-02 01:45:16,46.7162,-122.9543,43.79,83,75,1.01
929,929,Bastrop,LA,US,2023-03-02 01:48:07,32.7562,-91.8724,78.48,72,0,5.75
930,930,Saint Simons,GA,US,2023-03-02 01:48:08,31.1352,-81.3901,73.44,87,0,5.75
931,931,West Lake Stevens,WA,US,2023-03-02 01:48:08,47.9934,-122.1018,43.92,78,100,6.91
932,932,Seguin,TX,US,2023-03-02 01:48:09,29.5688,-97.9647,80.47,80,0,12.66
933,933,Ada,ID,US,2023-03-02 01:48:09,43.4166,-116.1262,35.15,83,93,8.77
936,936,Cookeville,TN,US,2023-03-02 01:46:03,36.1628,-85.5016,69.98,79,75,10.36
940,940,Wilmington Island,GA,US,2023-03-02 01:48:11,32.0036,-80.9737,69.89,89,0,5.75
941,941,Jerome,ID,US,2023-03-02 01:47:22,42.7241,-114.5186,31.68,74,100,6.91
943,943,Cudahy,CA,US,2023-03-02 01:43:49,33.9606,-118.1853,54.68,40,0,12.66
944,944,Saint Augustine,FL,US,2023-03-02 01:45:17,29.8947,-81.3145,74.07,94,0,12.66
945,945,Brookings,SD,US,2023-03-02 01:48:13,44.3114,-96.7984,14.0,85,20,5.75
946,946,Salina,KS,US,2023-03-02 01:47:57,38.8403,-97.6114,53.73,32,0,5.75
947,947,Cortez,CO,US,2023-03-02 01:48:13,37.3489,-108.5859,32.76,89,100,6.91
948,948,Belle Glade,FL,US,2023-03-02 01:48:14,26.6845,-80.6676,75.02,53,6,7.09
949,949,Twentynine Palms,CA,US,2023-03-02 01:46:18,34.1356,-116.0542,41.13,62,58,8.01
950,950,Kirksville,MO,US,2023-03-02 01:48:15,40.1948,-92.5833,44.55,42,0,3.44
952,952,Plymouth,MA,US,2023-03-02 01:45:22,41.8334,-70.8328,38.71,79,100,4.61
953,953,Thomaston,GA,US,2023-03-02 01:48:16,32.8882,-84.3266,71.06,78,75,4.61
954,954,Casa Grande,AZ,US,2023-03-02 01:48:16,32.8795,-111.7573,59.4,50,20,28.77
956,956,Leon Valley,TX,US,2023-03-02 01:48:17,29.4952,-98.6186,82.56,66,75,13.8
957,957,Clarksburg,WV,US,2023-03-02 01:46:59,39.2807,-80.3445,70.25,32,0,9.22
959,959,Blue Springs,MO,US,2023-03-02 01:45:00,39.0169,-94.2816,52.05,36,0,5.99
960,960,Trussville,AL,US,2023-03-02 01:48:19,33.6198,-86.6089,74.91,71,100,9.22
961,961,Fortuna Foothills,AZ,US,2023-03-02 01:48:19,32.6578,-114.4119,50.09,63,100,20.71
962,962,Channahon,IL,US,2023-03-02 01:48:19,41.4295,-88.2287,51.26,62,0,8.05
963,963,Somerset,NJ,US,2023-03-02 01:48:20,40.5668,-74.5496,43.12,85,100,5.75
965,965,Brigham City,UT,US,2023-03-02 01:48:21,41.5102,-112.0155,33.82,69,75,4.76
967,967,Bon Air,VA,US,2023-03-02 01:43:38,37.5249,-77.5578,51.82,82,0,0.0
968,968,South Venice,FL,US,2023-03-02 01:48:22,27.0531,-82.4243,73.98,91,0,3.44
970,970,Fort Madison,IA,US,2023-03-02 01:44:34,40.6298,-91.3151,48.81,49,41,3.44
971,971,Oskaloosa,IA,US,2023-03-02 01:48:23,41.2964,-92.6444,39.4,93,0,14.97
972,972,Drexel Heights,AZ,US,2023-03-02 01:48:24,32.1412,-111.0284,61.05,39,0,29.93
977,977,Bay Saint Louis,MS,US,2023-03-02 01:47:14,30.3088,-89.33,78.87,82,75,13.8
978,978,Hayden,ID,US,2023-03-02 01:49:26,47.766,-116.7866,36.16,74,75,5.75
979,979,Grand Island,NE,US,2023-03-02 01:49:26,40.925,-98.342,35.89,73,75,10.36
981,981,Bloomingdale,FL,US,2023-03-02 01:49:27,27.8936,-82.2404,73.26,77,0,0.0
982,982,West Norriton,PA,US,2023-03-02 01:49:28,40.1296,-75.3785,46.74,80,100,5.75
987,987,Las Vegas,NV,US,2023-03-02 01:48:36,36.175,-115.1372,47.26,47,100,9.22
989,989,Nacogdoches,TX,US,2023-03-02 01:49:30,31.6002,-94.6335,75.06,80,100,9.44
991,991,Decatur,IL,US,2023-03-02 01:47:15,39.8403,-88.9548,55.45,67,0,6.91
992,992,Bennettsville,SC,US,2023-03-02 01:49:31,34.6174,-79.6848,69.98,66,100,0.0
993,993,Troy,MI,US,2023-03-02 01:49:21,42.6056,-83.1499,44.69,77,0,5.75
994,994,Rodeo,CA,US,2023-03-02 01:49:31,38.033,-122.2669,54.05,37,0,14.0
997,997,Weston,FL,US,2023-03-02 01:49:33,26.1004,-80.3998,75.99,69,19,5.75
999,999,Gallup,NM,US,2023-03-02 01:49:33,35.5281,-108.7426,37.24,60,100,4.61
1001,1001,Sauk Rapids,MN,US,2023-03-02 01:49:34,45.5919,-94.1661,24.78,79,100,11.99
1002,1002,Englewood,CO,US,2023-03-02 01:46:46,39.6478,-104.9878,33.08,74,75,13.8
1003,1003,Nampa,ID,US,2023-03-02 01:49:35,43.5407,-116.5635,40.39,61,0,11.5
1005,1005,Elizabethtown,KY,US,2023-03-02 01:49:14,37.694,-85.8591,63.0,91,100,9.22
1009,1009,Orange,CA,US,2023-03-02 01:45:56,33.7,-117.7675,53.53,45,20,13.8
1010,1010,Hartselle,AL,US,2023-03-02 01:49:38,34.4434,-86.9353,73.08,96,100,9.26
1014,1014,Kittery,ME,US,2023-03-02 01:49:41,43.0881,-70.7362,37.15,87,100,5.75
1015,1015,Pleasanton,CA,US,2023-03-02 01:45:50,37.6624,-121.8747,52.88,43,0,10.36
1016,1016,Espanola,NM,US,2023-03-02 01:45:16,35.9911,-106.0806,47.14,52,100,4.65
1019,1019,Santa Barbara,CA,US,2023-03-02 01:46:52,34.7333,-120.0343,46.49,68,79,12.48
1020,1020,Chambersburg,PA,US,2023-03-02 01:47:55,39.9376,-77.6611,50.99,77,95,4.0
1022,1022,Saint Paul,MN,US,2023-03-02 01:47:27,44.9444,-93.0933,29.71,81,100,17.27
1023,1023,Joppatowne,MD,US,2023-03-02 01:49:42,39.4579,-76.3552,48.42,91,0,9.22
1025,1025,Struthers,OH,US,2023-03-02 01:50:43,41.0526,-80.6078,57.49,68,75,3.44
1026,1026,Haysville,KS,US,2023-03-02 01:50:43,37.5645,-97.3523,52.34,32,20,5.75
1027,1027,Hope Mills,NC,US,2023-03-02 01:50:44,34.9704,-78.9453,71.62,76,0,3.44
1029,1029,Palm Coast,FL,US,2023-03-02 01:50:44,29.585,-81.2078,74.07,91,45,1.99
1034,1034,Davenport,IA,US,2023-03-02 01:48:03,41.5236,-90.5776,45.05,72,0,13.8
1035,1035,Lincoln,NE,US,2023-03-02 01:46:11,40.8,-96.667,36.18,74,0,14.97
1036,1036,New Ulm,MN,US,2023-03-02 01:50:46,44.3125,-94.4605,28.78,80,98,17.27
1037,1037,Brenham,TX,US,2023-03-02 01:50:46,30.1669,-96.3977,76.78,64,0,3.44
1040,1040,Milton,GA,US,2023-03-02 01:46:08,34.1322,-84.3007,71.69,79,91,1.99
1041,1041,Atascadero,CA,US,2023-03-02 01:50:47,35.4894,-120.6707,49.03,54,17,5.99
1044,1044,Porterville,CA,US,2023-03-02 01:50:48,36.0652,-119.0168,46.53,72,90,3.31
1045,1045,Lake Jackson,TX,US,2023-03-02 01:50:49,29.0339,-95.4344,75.24,92,100,11.5
1046,1046,Marana,AZ,US,2023-03-02 01:50:49,32.4367,-111.2254,62.94,40,93,18.41
1048,1048,Millington,TN,US,2023-03-02 01:50:50,35.3415,-89.8973,64.9,94,100,10.36
1049,1049,Bridgton,ME,US,2023-03-02 01:50:50,44.0548,-70.7128,33.78,83,100,3.36
1054,1054,Rockingham,NH,US,2023-03-02 01:50:51,42.9668,-71.0995,36.91,85,100,5.26
1055,1055,Tupelo,MS,US,2023-03-02 01:49:17,34.2576,-88.7034,75.88,84,100,4.61
1057,1057,Kearney,NE,US,2023-03-02 01:50:52,40.6995,-99.0815,36.16,75,100,16.11
1060,1060,Fredericksburg,VA,US,2023-03-02 01:50:53,38.3032,-77.4605,52.92,83,0,4.61
1062,1062,Brainerd,MN,US,2023-03-02 01:50:54,46.358,-94.2008,20.86,73,75,9.22
1064,1064,Steamboat Springs,CO,US,2023-03-02 01:50:55,40.485,-106.8317,27.0,84,100,0.0
1065,1065,Radford,VA,US,2023-03-02 01:50:55,37.1318,-80.5764,54.9,78,0,5.75
1066,1066,El Paso,TX,US,2023-03-02 01:48:14,31.8001,-106.2005,64.06,11,20,17.27
1067,1067,Lynchburg,VA,US,2023-03-02 01:50:50,37.4138,-79.1423,52.12,85,0,0.0
1068,1068,Stephenville,TX,US,2023-03-02 01:50:55,32.2207,-98.2023,59.77,58,40,3.44
1069,1069,Laurinburg,NC,US,2023-03-02 01:50:56,34.7741,-79.4628,69.76,62,75,3.44
1070,1070,Moorhead,MN,US,2023-03-02 01:49:34,46.8739,-96.7676,3.22,82,0,13.8
1071,1071,Russellville,AR,US,2023-03-02 01:50:56,35.2784,-93.1338,62.74,95,100,0.0
1072,1072,Fort Pierce,FL,US,2023-03-02 01:50:29,27.4467,-80.3256,75.99,83,0,6.91
1073,1073,Greencastle,IN,US,2023-03-02 01:46:28,39.6445,-86.8647,58.15,72,0,14.97
1074,1074,Brunswick,OH,US,2023-03-02 01:50:57,41.2381,-81.8418,54.68,73,75,4.61
1076,1076,Sun Prairie,WI,US,2023-03-02 01:47:49,43.1836,-89.2137,42.42,68,20,10.36
1078,1078,Two Rivers,WI,US,2023-03-02 01:51:58,44.1539,-87.5693,37.99,94,100,1.01
1079,1079,Oildale,CA,US,2023-03-02 01:51:58,35.4197,-119.0195,46.74,61,100,12.66
1081,1081,San Jacinto,CA,US,2023-03-02 01:51:59,33.7839,-116.9586,44.56,81,48,4.0
1082,1082,Lindsay,CA,US,2023-03-02 01:51:59,36.203,-119.0882,46.78,72,82,3.56
1083,1083,Rexburg,ID,US,2023-03-02 01:51:59,43.826,-111.7897,28.38,74,100,5.75
1084,1084,Spearfish,SD,US,2023-03-02 01:52:00,44.4908,-103.8594,25.09,79,0,0.0
1085,1085,Redwater,TX,US,2023-03-02 01:52:00,33.3582,-94.2544,73.69,86,100,4.54
1088,1088,Yuba City,CA,US,2023-03-02 01:52:01,39.1405,-121.6169,55.78,39,0,19.57
1089,1089,Worland,WY,US,2023-03-02 01:52:01,44.0169,-107.9554,27.75,68,0,0.0
1090,1090,Lamesa,TX,US,2023-03-02 01:47:35,32.7376,-101.951,60.53,27,100,6.13
1091,1091,Highlands Ranch,CO,US,2023-03-02 01:47:35,39.5539,-104.9694,31.98,72,75,13.8
1092,1092,Robstown,TX,US,2023-03-02 01:52:02,27.7903,-97.6689,77.61,90,100,24.16
1095,1095,Mandan,ND,US,2023-03-02 01:52:03,46.8267,-100.8896,4.21,75,0,5.75
1096,1096,Auburn,WA,US,2023-03-02 01:51:03,47.3073,-122.2284,45.36,68,100,13.8
1097,1097,Weiser,ID,US,2023-03-02 01:52:04,44.251,-116.9693,43.0,72,58,6.26
1098,1098,Melville,NY,US,2023-03-02 01:52:04,40.7934,-73.4151,40.89,89,100,10.36
1099,1099,Lock Haven,PA,US,2023-03-02 01:52:05,41.137,-77.4469,52.29,83,80,4.18
1100,1100,Sunrise Manor,NV,US,2023-03-02 01:52:05,36.2111,-115.0731,47.89,47,0,9.22
1101,1101,Evanston,IL,US,2023-03-02 01:51:58,42.0411,-87.6901,52.11,69,40,5.75
1102,1102,Kankakee,IL,US,2023-03-02 01:52:06,41.15,-87.8667,50.83,83,0,5.75
1104,1104,Waupun,WI,US,2023-03-02 01:52:07,43.6333,-88.7296,39.31,97,98,11.99
1105,1105,Effingham,GA,US,2023-03-02 01:52:07,32.3669,-81.3332,72.05,85,64,5.53
1108,1108,Paragould,AR,US,2023-03-02 01:51:46,36.0584,-90.4973,64.29,93,100,5.06
1109,1109,Asbury Park,NJ,US,2023-03-02 01:51:34,40.2204,-74.0121,43.95,89,100,6.91
1110,1110,Indiana,IN,US,2023-03-02 01:52:09,40.0003,-86.2503,57.42,69,0,11.99
1111,1111,Monticello,MN,US,2023-03-02 01:52:10,45.3055,-93.7941,27.23,82,100,11.5
1113,1113,Saint Marys,GA,US,2023-03-02 01:52:11,30.7305,-81.5465,76.01,85,0,6.91
1114,1114,Greer,SC,US,2023-03-02 01:52:11,34.9387,-82.2271,66.31,71,40,5.99
1115,1115,Olean,NY,US,2023-03-02 01:52:12,42.0776,-78.4297,48.78,81,0,4.61
1117,1117,South Yuba City,CA,US,2023-03-02 01:52:12,39.1166,-121.6391,55.8,38,0,19.57
1118,1118,Winfield,KS,US,2023-03-02 01:52:13,37.2398,-96.9956,54.37,32,0,4.61
1120,1120,Lexington Park,MD,US,2023-03-02 01:47:41,38.2668,-76.4538,47.88,91,0,5.75
1122,1122,Norway,MI,US,2023-03-02 01:52:14,45.7869,-87.9037,29.97,88,100,12.66
1123,1123,Glens Falls,NY,US,2023-03-02 01:51:14,43.3095,-73.644,35.22,95,100,1.01
1124,1124,Matthews,NC,US,2023-03-02 01:52:15,35.1168,-80.7237,64.4,73,0,1.99
1125,1125,Cedar Rapids,IA,US,2023-03-02 01:49:11,42.0083,-91.6441,36.7,77,75,16.11
1126,1126,Erie,NY,US,2023-03-02 01:53:15,42.7667,-78.6664,38.62,69,100,2.28
1127,1127,Johnson City,TN,US,2023-03-02 01:51:01,36.3134,-82.3535,67.37,55,40,5.75
1128,1128,Bellefontaine,OH,US,2023-03-02 01:53:16,40.3612,-83.7597,57.2,72,100,7.36
1129,1129,Mountain Home,ID,US,2023-03-02 01:51:16,43.133,-115.6912,35.08,69,0,20.71
1132,1132,Sherman,TX,US,2023-03-02 01:53:00,33.6357,-96.6089,60.19,63,0,3.44
1134,1134,Owosso,MI,US,2023-03-02 01:53:18,42.9978,-84.1766,39.92,79,100,0.0
1135,1135,Chippewa Falls,WI,US,2023-03-02 01:51:08,44.9369,-91.3929,32.41,92,100,9.22
1138,1138,Stoughton,MA,US,2023-03-02 01:53:19,42.1251,-71.1023,37.65,78,100,3.0
1140,1140,Oceanside,CA,US,2023-03-02 01:50:15,33.1959,-117.3795,52.93,55,0,21.0
1141,1141,Long Beach,CA,US,2023-03-02 01:53:20,33.767,-118.1892,54.03,48,20,20.71
1142,1142,Manitowoc,WI,US,2023-03-02 01:53:21,44.0667,-87.8001,36.77,93,100,1.01
1145,1145,Mobile,AL,US,2023-03-02 01:49:39,30.7835,-88.2,75.25,82,75,11.5
1147,1147,Skowhegan,ME,US,2023-03-02 01:53:23,44.7651,-69.7192,34.45,81,100,4.29
1148,1148,Plainview,NY,US,2023-03-02 01:53:23,40.7765,-73.4673,41.76,88,100,10.36
1150,1150,Nassau,NY,US,2023-03-02 01:53:24,40.7507,-73.5829,42.48,86,100,10.36
1153,1153,Steubenville,OH,US,2023-03-02 01:49:01,40.3698,-80.634,66.61,43,100,1.99
1155,1155,Marysville,WA,US,2023-03-02 01:53:26,48.0518,-122.1771,45.14,78,0,6.91
1156,1156,Chillicothe,OH,US,2023-03-02 01:53:28,39.3331,-82.9824,64.71,39,100,3.44
1157,1157,Brewster,NY,US,2023-03-02 01:53:28,41.3973,-73.6171,38.26,89,100,3.44
1158,1158,Wharton,TX,US,2023-03-02 01:53:28,29.3116,-96.1027,76.01,96,100,9.22
1161,1161,Le Mars,IA,US,2023-03-02 01:53:30,42.7942,-96.1656,23.58,100,100,10.36
1165,1165,Pittsburg,CA,US,2023-03-02 01:53:31,38.028,-121.8847,55.31,43,0,12.66
1166,1166,Canyon Lake,TX,US,2023-03-02 01:53:32,29.8752,-98.2625,79.12,77,100,7.0
1167,1167,Bloomfield,NJ,US,2023-03-02 01:53:32,40.8068,-74.1854,42.78,87,100,8.05
1168,1168,Waldoboro,ME,US,2023-03-02 01:53:32,44.0954,-69.3756,34.45,86,100,2.75
1170,1170,Tuscaloosa,AL,US,2023-03-02 01:49:34,33.2098,-87.5692,78.58,64,75,8.05
1171,1171,Hattiesburg,MS,US,2023-03-02 01:53:33,31.3271,-89.2903,77.32,78,100,10.0
1172,1172,Sunland Park,NM,US,2023-03-02 01:53:34,31.7965,-106.58,64.85,15,0,17.27
1173,1173,Mill Valley,CA,US,2023-03-02 01:53:34,37.906,-122.545,53.73,57,54,5.99
1179,1179,Franklin Park,IL,US,2023-03-02 01:54:37,41.9353,-87.8656,51.35,65,75,5.75
1180,1180,Hinesville,GA,US,2023-03-02 01:54:37,31.8469,-81.5959,73.13,58,0,4.61
1182,1182,Auburndale,FL,US,2023-03-02 01:54:00,28.0653,-81.7887,75.15,57,0,4.61
1183,1183,Mesquite,TX,US,2023-03-02 01:54:38,32.7668,-96.5992,65.52,72,0,8.05
1186,1186,Ellensburg,WA,US,2023-03-02 01:51:00,46.9965,-120.5479,42.93,53,100,18.41
1187,1187,Humboldt,CA,US,2023-03-02 01:54:40,40.6665,-123.9178,37.94,95,100,3.56
1189,1189,Ionia,MI,US,2023-03-02 01:54:40,42.9873,-85.0711,37.81,92,0,0.0
1190,1190,Oak Ridge,TN,US,2023-03-02 01:54:40,36.0104,-84.2696,72.57,73,100,3.44
1191,1191,Zephyrhills,FL,US,2023-03-02 01:54:41,28.2336,-82.1812,73.18,74,0,0.0
1192,1192,Buckeye,AZ,US,2023-03-02 01:54:41,33.3703,-112.5838,53.02,83,100,21.85
1193,1193,Bonham,TX,US,2023-03-02 01:54:41,33.5773,-96.1783,61.5,78,40,3.44
1194,1194,Liberty,GA,US,2023-03-02 01:54:42,31.8335,-81.5004,73.27,39,0,4.61
1195,1195,Crestline,CA,US,2023-03-02 01:54:42,34.242,-117.2856,36.0,80,75,11.5
1196,1196,Newburgh,NY,US,2023-03-02 01:54:42,41.5034,-74.0104,39.51,82,100,6.91
1198,1198,Lansing,MI,US,2023-03-02 01:54:43,42.7325,-84.5555,39.58,84,0,3.44
1199,1199,Albion,MI,US,2023-03-02 01:54:43,42.2431,-84.753,47.21,90,0,0.0
1200,1200,Belmont,CA,US,2023-03-02 01:52:04,37.5202,-122.2758,53.98,57,40,20.71
1201,1201,Sedalia,MO,US,2023-03-02 01:54:44,38.7045,-93.2283,51.85,37,0,0.0
1203,1203,Portage,OH,US,2023-03-02 01:53:05,41.1667,-81.1998,54.88,71,75,6.91
1204,1204,Vicksburg,MS,US,2023-03-02 01:52:17,32.3526,-90.8779,80.28,62,75,8.05
1205,1205,Grants Pass,OR,US,2023-03-02 01:54:45,42.439,-123.3284,45.91,69,0,5.75
1206,1206,Socorro,TX,US,2023-03-02 01:54:45,31.6546,-106.3033,65.41,11,20,17.27
1207,1207,Caldwell,ID,US,2023-03-02 01:52:48,43.6629,-116.6874,42.15,62,0,11.5
1208,1208,Holly Hill,FL,US,2023-03-02 01:54:45,29.2436,-81.0376,76.1,87,40,4.0
1209,1209,Roseburg,OR,US,2023-03-02 01:54:46,43.2165,-123.3417,44.71,49,0,4.61
1211,1211,Moultrie,GA,US,2023-03-02 01:54:46,31.1799,-83.7891,73.51,83,22,11.36
1214,1214,Creston,IA,US,2023-03-02 01:54:47,41.0586,-94.3614,36.34,86,0,14.97
1215,1215,Corsicana,TX,US,2023-03-02 01:53:20,32.0954,-96.4689,75.22,76,0,4.61
1220,1220,Saint Pete Beach,FL,US,2023-03-02 01:54:49,27.7253,-82.7412,73.0,81,2,6.2
1221,1221,Rumford,ME,US,2023-03-02 01:54:49,44.5537,-70.5509,33.35,100,100,2.33
1222,1222,Pendleton,OR,US,2023-03-02 01:53:26,45.6721,-118.7886,40.01,66,100,5.99
1223,1223,Zion,IL,US,2023-03-02 01:54:49,42.4461,-87.8328,49.69,68,0,6.91
1225,1225,East Millcreek,UT,US,2023-03-02 01:55:50,40.7,-111.8105,34.99,87,75,14.97
1226,1226,Dunn,WI,US,2023-03-02 01:55:50,44.95,-91.8835,32.22,97,100,16.11
1227,1227,Ingleside,TX,US,2023-03-02 01:55:50,27.8778,-97.2117,75.43,92,100,17.27
1228,1228,Hope,AR,US,2023-03-02 01:55:51,33.6671,-93.5916,73.45,96,100,5.86
1229,1229,Eau Claire,WI,US,2023-03-02 01:54:26,44.8114,-91.4985,32.61,93,100,9.22
1230,1230,Superior,WI,US,2023-03-02 01:52:48,46.7208,-92.1041,21.47,82,100,17.27
1232,1232,New Kensington,PA,US,2023-03-02 01:55:51,40.5698,-79.7648,60.15,67,100,1.01
1238,1238,Port Hope,MI,US,2023-03-02 01:55:53,43.9408,-82.7127,34.41,100,95,3.44
1239,1239,Golden Gate,FL,US,2023-03-02 01:55:53,26.1879,-81.6951,75.22,63,0,4.61
1243,1243,Myrtle Beach,SC,US,2023-03-02 01:55:05,33.6891,-78.8867,69.19,87,40,8.05
1244,1244,Harrisburg,PA,US,2023-03-02 01:51:28,40.2737,-76.8844,47.41,80,20,10.36
1245,1245,Bella Vista,AR,US,2023-03-02 01:55:55,36.4295,-94.2316,58.28,56,0,4.61
1246,1246,Summerville,SC,US,2023-03-02 01:53:13,33.0185,-80.1757,71.62,87,0,9.22
1247,1247,Sharon,PA,US,2023-03-02 01:55:55,41.2331,-80.4934,54.05,67,75,8.05
1248,1248,Adrian,MI,US,2023-03-02 01:55:56,41.8975,-84.0372,48.92,84,0,3.44
1251,1251,New Bern,NC,US,2023-03-02 01:55:57,35.1085,-77.0441,70.02,59,0,8.05
1252,1252,Eden,NC,US,2023-03-02 01:55:57,36.4885,-79.7667,56.55,100,0,0.0
1253,1253,Crossville,TN,US,2023-03-02 01:55:57,35.949,-85.0269,66.83,81,100,4.61
1254,1254,Central Point,OR,US,2023-03-02 01:55:58,42.376,-122.9164,44.73,45,0,4.61
1255,1255,Bellmead,TX,US,2023-03-02 01:55:58,31.594,-97.1089,73.11,78,40,9.22
1257,1257,Corpus Christi,TX,US,2023-03-02 01:53:55,27.8006,-97.3964,75.43,92,100,25.32
1258,1258,Maumee,OH,US,2023-03-02 01:55:58,41.5628,-83.6538,51.94,84,0,3.44
1259,1259,Midland,TX,US,2023-03-02 01:54:01,31.9974,-102.0779,72.27,20,0,13.8
1261,1261,Jesup,GA,US,2023-03-02 01:55:59,31.6074,-81.8854,72.95,83,0,0.0
1263,1263,Chanute,KS,US,2023-03-02 01:56:00,37.6792,-95.4572,53.71,28,0,5.75
1264,1264,Fairhaven,MA,US,2023-03-02 01:56:00,41.6376,-70.9036,39.42,82,100,11.99
1266,1266,Kerrville,TX,US,2023-03-02 01:56:00,30.0474,-99.1403,76.55,43,0,0.0
1268,1268,Fergus Falls,MN,US,2023-03-02 01:56:01,46.283,-96.0776,11.17,78,0,6.91
1269,1269,Hopatcong,NJ,US,2023-03-02 01:56:01,40.9329,-74.6593,39.49,78,44,3.0
1270,1270,Roanoke Rapids,NC,US,2023-03-02 01:56:02,36.4615,-77.6542,53.85,100,0,0.0
1271,1271,Bismarck,ND,US,2023-03-02 01:54:52,46.8083,-100.7837,4.06,72,0,5.75
1272,1272,Clemmons,NC,US,2023-03-02 01:56:03,36.0215,-80.382,57.15,84,0,3.44
1275,1275,Chandler,AZ,US,2023-03-02 01:55:37,33.3062,-111.8412,61.38,47,100,27.63
1276,1276,Los Alamos,NM,US,2023-03-02 01:57:04,35.8881,-106.307,41.56,42,100,6.91
1277,1277,Los Lunas,NM,US,2023-03-02 01:57:04,34.8062,-106.7334,50.14,38,100,1.99
1280,1280,Republic,MO,US,2023-03-02 01:57:05,37.12,-93.4802,55.29,43,0,6.91
1281,1281,Prior Lake,MN,US,2023-03-02 01:54:35,44.7133,-93.4227,29.07,82,100,12.66
1282,1282,Forest Hills,MI,US,2023-03-02 01:57:07,42.9595,-85.4898,39.34,87,0,4.61
1283,1283,Gloversville,NY,US,2023-03-02 01:57:07,43.0528,-74.3438,34.11,91,100,9.22
1284,1284,Muskegon,MI,US,2023-03-02 01:57:07,43.3,-86.1334,36.18,87,20,3.44
1285,1285,Horn Lake,MS,US,2023-03-02 01:57:08,34.9554,-90.0348,65.08,99,100,5.75
1286,1286,Pampa,TX,US,2023-03-02 01:54:11,35.5362,-100.9599,54.55,34,1,12.66
1289,1289,Rancho Cucamonga,CA,US,2023-03-02 01:55:43,34.1064,-117.5931,48.38,47,40,19.57
1290,1290,Cordele,GA,US,2023-03-02 01:57:10,31.9635,-83.7824,75.18,64,0,6.91
1292,1292,Elmira,NY,US,2023-03-02 01:57:10,42.0898,-76.8077,42.67,82,0,0.0
1293,1293,Labelle,FL,US,2023-03-02 01:57:11,26.7617,-81.4384,75.22,61,4,4.72
1294,1294,Ferry Pass,FL,US,2023-03-02 01:57:11,30.5102,-87.2125,73.02,92,13,4.0
1296,1296,Vero Beach,FL,US,2023-03-02 01:57:12,27.6386,-80.3973,74.98,81,0,11.5
1297,1297,Tracy,CA,US,2023-03-02 01:57:12,37.7397,-121.4252,53.53,58,7,18.72
1298,1298,Statesboro,GA,US,2023-03-02 01:57:13,32.4488,-81.7832,72.48,82,0,0.0
1299,1299,Devils Lake,ND,US,2023-03-02 01:57:13,48.1128,-98.8651,1.38,85,0,5.75
1300,1300,Arlington,TX,US,2023-03-02 01:57:14,32.7357,-97.1081,64.24,69,0,4.61
1301,1301,Camden,NJ,US,2023-03-02 01:54:21,39.7835,-74.9663,46.69,85,100,1.99
1302,1302,Plattsburgh,NY,US,2023-03-02 01:57:14,44.6995,-73.4529,34.18,88,100,10.36
1304,1304,Burien,WA,US,2023-03-02 01:57:15,47.4704,-122.3468,44.31,70,100,13.8
1308,1308,Brawley,CA,US,2023-03-02 01:57:17,32.9787,-115.5303,53.82,35,20,20.71
1309,1309,Spokane,WA,US,2023-03-02 01:53:43,47.6166,-117.3677,36.01,64,75,11.5
1311,1311,Levelland,TX,US,2023-03-02 01:57:18,33.5873,-102.378,58.96,18,61,11.01
1313,1313,Las Cruces,NM,US,2023-03-02 01:57:19,32.3123,-106.7783,62.71,16,0,19.57
1314,1314,Fort Smith,AR,US,2023-03-02 01:57:19,35.3859,-94.3986,62.64,60,20,5.75
1316,1316,Sapulpa,OK,US,2023-03-02 01:57:20,35.9987,-96.1142,57.76,38,0,8.05
1318,1318,Michigan City,IN,US,2023-03-02 01:57:21,41.7075,-86.895,48.25,92,0,0.0
1319,1319,Kalispell,MT,US,2023-03-02 01:57:22,48.1958,-114.3129,29.5,80,100,15.01
1321,1321,Alice,TX,US,2023-03-02 01:57:22,27.7523,-98.0697,77.16,81,0,14.97
1323,1323,Lake Saint Louis,MO,US,2023-03-02 01:55:47,38.7976,-90.7857,58.1,60,0,12.66
1324,1324,Shelby,TN,US,2023-03-02 01:58:23,35.2001,-89.8668,64.49,92,100,1.99
1325,1325,Van Buren,AR,US,2023-03-02 01:58:24,35.4368,-94.3483,62.62,61,20,5.75
1327,1327,Okmulgee,OK,US,2023-03-02 01:58:25,35.6234,-95.9605,57.06,62,100,6.85
1329,1329,Benton Harbor,MI,US,2023-03-02 01:58:25,42.1167,-86.4542,43.93,88,0,1.01
1333,1333,Phenix City,AL,US,2023-03-02 01:58:27,32.471,-85.0008,75.22,72,0,5.75
1334,1334,Rockwall,TX,US,2023-03-02 01:58:27,32.9001,-96.4003,64.33,77,0,4.61
1336,1336,New Bedford,MA,US,2023-03-02 01:58:28,41.6362,-70.9342,39.09,84,100,11.99
1337,1337,Tullahoma,TN,US,2023-03-02 01:55:57,35.362,-86.2094,68.77,86,100,0.0
1340,1340,Prattville,AL,US,2023-03-02 01:58:30,32.464,-86.4597,76.51,60,0,11.5
1341,1341,Red Wing,MN,US,2023-03-02 01:58:30,44.5625,-92.5338,33.1,85,100,10.36
1345,1345,North Las Vegas,NV,US,2023-03-02 01:55:09,36.1989,-115.1175,47.8,48,100,9.22
1350,1350,Napa,CA,US,2023-03-02 01:58:33,38.4832,-122.3344,51.55,47,82,10.25
1351,1351,Bluffton,SC,US,2023-03-02 01:58:34,32.2371,-80.8604,69.87,86,0,9.22
1353,1353,Carlisle,PA,US,2023-03-02 01:56:25,40.2015,-77.1889,49.19,71,83,7.05
1354,1354,South River,NJ,US,2023-03-02 01:58:35,40.4465,-74.386,43.18,83,73,1.99
1355,1355,Mendota,CA,US,2023-03-02 01:58:35,36.7536,-120.3816,50.32,56,5,18.95
1361,1361,The Colony,TX,US,2023-03-02 01:58:38,33.089,-96.8864,64.35,62,0,9.22
1363,1363,Menomonie,WI,US,2023-03-02 01:58:38,44.8755,-91.9193,32.27,100,100,16.11
1367,1367,Charleston,SC,US,2023-03-02 01:58:39,32.7766,-79.9309,71.76,91,75,9.22
1370,1370,Gulfport,MS,US,2023-03-02 01:58:40,30.3674,-89.0928,73.74,93,100,9.22
1371,1371,Norfolk,MA,US,2023-03-02 01:57:44,42.1668,-71.2495,37.94,78,100,1.01
1373,1373,Ames,IA,US,2023-03-02 01:59:01,42.0347,-93.6199,33.62,84,100,16.11
1374,1374,Hueytown,AL,US,2023-03-02 01:59:41,33.4512,-86.9967,74.97,72,100,6.91
1375,1375,Faribault,MN,US,2023-03-02 01:59:41,44.295,-93.2688,31.24,87,100,17.27
1377,1377,Fenton,MI,US,2023-03-02 01:59:35,42.7978,-83.7049,43.05,78,40,4.61
1380,1380,Shelton,CT,US,2023-03-02 01:59:43,41.3165,-73.0932,39.52,87,100,10.36
1382,1382,Marion,IN,US,2023-03-02 01:59:43,39.7684,-86.1555,58.32,65,100,13.8
1383,1383,Emmett,ID,US,2023-03-02 01:59:44,43.8735,-116.4993,38.03,69,73,5.17
1384,1384,Hot Springs,AR,US,2023-03-02 01:59:13,34.5037,-93.0552,63.0,98,100,7.0
1386,1386,Fulton,GA,US,2023-03-02 01:58:01,33.7668,-84.4499,72.39,76,0,9.22
1387,1387,Zanesville,OH,US,2023-03-02 01:56:28,39.9404,-82.0132,66.76,34,20,8.05
1389,1389,Bayonet Point,FL,US,2023-03-02 01:59:45,28.3267,-82.6834,72.1,85,0,6.29
1391,1391,Taylor,TX,US,2023-03-02 01:59:46,32.3001,-99.8337,58.46,33,40,6.91
1392,1392,Douglasville,GA,US,2023-03-02 01:59:46,33.7515,-84.7477,71.19,83,96,5.77
1393,1393,Albert Lea,MN,US,2023-03-02 01:55:38,43.648,-93.3683,32.02,93,100,12.66
1394,1394,Berea,OH,US,2023-03-02 01:59:46,41.3662,-81.8543,55.96,77,100,5.01
1399,1399,Homestead,FL,US,2023-03-02 01:59:48,25.4687,-80.4776,75.02,78,0,0.0
1400,1400,Sedona,AZ,US,2023-03-02 01:59:48,34.8697,-111.761,40.48,94,100,6.91
1401,1401,Flowing Wells,AZ,US,2023-03-02 01:59:48,32.294,-111.0098,60.35,41,100,25.32
1402,1402,Radcliff,KY,US,2023-03-02 01:59:48,37.8404,-85.9491,65.23,88,40,9.22
1403,1403,Onalaska,WI,US,2023-03-02 01:55:22,43.8844,-91.2351,36.84,83,97,5.01
1404,1404,Neenah,WI,US,2023-03-02 01:59:49,44.1858,-88.4626,35.85,91,100,4.61
1407,1407,Uvalde,TX,US,2023-03-02 01:56:38,29.3669,-99.767,82.13,47,0,4.61
1409,1409,Chubbuck,ID,US,2023-03-02 01:56:43,42.9208,-112.4661,28.15,82,100,11.5
1413,1413,Redding,CA,US,2023-03-02 01:59:51,40.5865,-122.3917,51.03,91,100,5.55
1414,1414,La Crosse,WI,US,2023-03-02 01:57:20,43.8014,-91.2396,37.42,82,100,11.5
1415,1415,Slidell,LA,US,2023-03-02 01:56:23,30.2752,-89.7812,78.1,84,1,8.99
1416,1416,Corcoran,CA,US,2023-03-02 01:59:52,36.098,-119.5604,50.09,64,34,8.97
1417,1417,Sonoma,CA,US,2023-03-02 01:59:52,38.55,-122.9011,47.28,80,94,5.73
1418,1418,Timberlake,VA,US,2023-03-02 01:59:53,37.3207,-79.2575,52.63,85,0,0.0
1419,1419,Weatherford,TX,US,2023-03-02 01:59:53,32.7593,-97.7972,61.84,62,100,4.21
1421,1421,West Des Moines,IA,US,2023-03-02 01:59:53,41.572,-93.7453,34.16,77,75,19.57
1422,1422,Bolivar,MO,US,2023-03-02 02:00:54,37.6145,-93.4105,53.91,48,100,8.95
1423,1423,Durant,OK,US,2023-03-02 02:00:21,33.994,-96.3708,60.53,57,75,0.0
1424,1424,Searcy,AR,US,2023-03-02 02:00:54,35.2506,-91.7363,62.6,95,100,5.75
1425,1425,Helena,MT,US,2023-03-02 02:00:55,46.5927,-112.0361,32.99,37,0,11.5
1426,1426,Wixom,MI,US,2023-03-02 02:00:55,42.5248,-83.5363,43.97,83,41,1.01
1427,1427,Merrimack,NH,US,2023-03-02 01:56:47,42.8651,-71.4934,36.34,83,100,5.75
1431,1431,Deming,NM,US,2023-03-02 02:00:57,32.2687,-107.7586,53.38,28,56,29.62
1432,1432,Newnan,GA,US,2023-03-02 02:00:58,33.3807,-84.7997,71.38,87,97,5.28
1433,1433,Altoona,PA,US,2023-03-02 02:00:58,40.5187,-78.3947,51.69,72,100,3.74
1434,1434,Kingsland,GA,US,2023-03-02 02:00:05,30.8,-81.6898,73.96,84,74,4.18
1435,1435,Marietta,GA,US,2023-03-02 01:57:49,33.9526,-84.5499,71.76,79,75,9.22
1436,1436,Yuma,AZ,US,2023-03-02 01:56:35,32.7253,-114.6244,50.77,62,75,12.66
1438,1438,State College,PA,US,2023-03-02 01:59:12,40.7934,-77.86,50.18,74,40,3.0
1440,1440,Malibu,CA,US,2023-03-02 02:00:21,34.005,-118.8101,53.26,51,0,5.99
1441,1441,Ardmore,OK,US,2023-03-02 01:58:38,34.1743,-97.1436,58.24,61,0,0.0
1442,1442,Arthur,IL,US,2023-03-02 01:56:47,39.7148,-88.4723,53.85,82,100,5.01
1443,1443,Burlington,NJ,US,2023-03-02 02:00:23,39.8835,-74.6413,44.69,90,100,5.75
1444,1444,Blytheville,AR,US,2023-03-02 01:57:17,35.9273,-89.919,64.38,93,100,0.0
1445,1445,Clearlake,CA,US,2023-03-02 02:01:00,38.9582,-122.6264,44.15,42,99,7.02
1446,1446,Cape Coral,FL,US,2023-03-02 02:00:17,26.5629,-81.9495,73.98,85,17,1.01
1447,1447,Davidson,TN,US,2023-03-02 01:56:43,36.1501,-86.7833,71.89,79,100,10.36
1449,1449,Pooler,GA,US,2023-03-02 02:01:01,32.1155,-81.2471,69.96,84,0,8.05
1450,1450,Hillsboro,OR,US,2023-03-02 02:00:04,45.5229,-122.9898,43.54,73,100,2.73
1453,1453,Brownfield,TX,US,2023-03-02 02:01:02,33.1812,-102.2744,60.39,22,99,9.31
1455,1455,Avenal,CA,US,2023-03-02 02:01:03,36.0041,-120.129,47.97,54,3,13.51
1456,1456,Monmouth,NJ,US,2023-03-02 01:56:53,40.3001,-74.1663,43.12,76,100,6.91
1458,1458,Spencer,IA,US,2023-03-02 02:01:04,43.1414,-95.1444,26.71,79,100,11.5
1459,1459,Clearwater,FL,US,2023-03-02 01:59:14,27.9659,-82.8001,72.09,77,0,3.44
1460,1460,Eagle,ID,US,2023-03-02 02:01:04,43.6954,-116.354,37.35,66,0,8.05
1463,1463,Mission,TX,US,2023-03-02 02:00:21,26.2159,-98.3253,79.21,78,100,5.99
1465,1465,New Port Richey,FL,US,2023-03-02 02:00:04,28.2442,-82.7193,72.12,85,0,6.38
1466,1466,Clive,IA,US,2023-03-02 02:01:06,41.603,-93.7241,33.93,78,75,19.57
1467,1467,Catalina Foothills,AZ,US,2023-03-02 02:01:07,32.2979,-110.9187,59.29,42,100,25.32
1468,1468,Honolulu,HI,US,2023-03-02 01:57:01,21.3069,-157.8583,75.02,73,75,21.85
1469,1469,Keokuk,IA,US,2023-03-02 02:01:07,40.3973,-91.3849,47.26,39,20,3.44
1472,1472,Missoula,MT,US,2023-03-02 01:58:34,47.0166,-113.8009,25.2,91,100,4.7
1474,1474,East Stroudsburg,PA,US,2023-03-02 02:02:09,40.9995,-75.1813,42.57,88,70,2.33
1476,1476,Highland Springs,VA,US,2023-03-02 02:02:10,37.546,-77.3278,51.44,91,75,0.0
1478,1478,South San Jose Hills,CA,US,2023-03-02 02:02:11,34.0128,-117.9048,52.48,44,40,12.66
1483,1483,Merrydale,LA,US,2023-03-02 02:02:14,30.5013,-91.1084,78.12,76,1,10.54
1484,1484,West Helena,AR,US,2023-03-02 02:00:05,34.5507,-90.6418,65.88,94,97,12.46
1486,1486,Palm Beach,FL,US,2023-03-02 02:02:15,26.6503,-80.4498,76.98,85,9,7.85
1487,1487,Irmo,SC,US,2023-03-02 02:02:15,34.086,-81.1832,70.52,63,99,4.97
1488,1488,Kingsburg,CA,US,2023-03-02 02:02:16,36.5138,-119.554,50.09,81,100,5.75
1489,1489,Bonney Lake,WA,US,2023-03-02 01:58:44,47.1771,-122.1865,43.47,67,100,4.0
1490,1490,Frederick,MD,US,2023-03-02 02:01:18,39.4668,-77.3997,53.92,81,0,0.0
1491,1491,Morristown,TN,US,2023-03-02 02:00:03,36.214,-83.2949,70.5,73,75,9.22
1492,1492,Jamestown,NY,US,2023-03-02 02:02:17,42.097,-79.2353,46.04,82,20,5.75
1494,1494,Eatonton,GA,US,2023-03-02 02:02:18,33.3268,-83.3885,71.38,81,99,5.53
1495,1495,Country Club Hills,IL,US,2023-03-02 02:02:18,41.5681,-87.7203,50.92,70,100,8.21
1496,1496,Morgantown,WV,US,2023-03-02 01:57:50,39.6295,-79.9559,70.65,47,0,4.61
1497,1497,Escondido,CA,US,2023-03-02 02:02:01,33.1192,-117.0864,50.9,60,75,20.0
1499,1499,Waynesville,NC,US,2023-03-02 02:00:03,35.4887,-82.9887,61.88,64,83,8.99
1500,1500,Meridian,ID,US,2023-03-02 01:58:12,43.6121,-116.3915,40.05,60,0,14.97
1501,1501,Bogalusa,LA,US,2023-03-02 02:02:21,30.791,-89.8487,78.85,73,100,9.22
1503,1503,Edwardsville,IL,US,2023-03-02 01:58:33,38.8114,-89.9532,58.06,70,100,3.0
1504,1504,Miami,FL,US,2023-03-02 02:00:41,25.7743,-80.1937,75.22,73,5,5.01
1506,1506,Grinnell,IA,US,2023-03-02 02:02:22,41.743,-92.7224,35.58,81,75,18.41
1509,1509,Alcoa,TN,US,2023-03-02 01:59:51,35.7895,-83.9738,72.01,83,100,5.21
1513,1513,Vallejo,CA,US,2023-03-02 02:01:46,38.1041,-122.2566,53.89,40,46,8.99
1514,1514,Bellevue,WA,US,2023-03-02 01:58:23,47.6104,-122.2007,45.18,72,100,13.8
1515,1515,Franklin,OH,US,2023-03-02 02:02:27,39.9667,-83.0166,66.72,58,75,10.36
1517,1517,Oneida,NY,US,2023-03-02 02:02:28,43.2001,-75.4663,37.8,80,100,10.36
1519,1519,Lake Charles,LA,US,2023-03-02 02:01:14,30.2131,-93.2044,75.18,94,75,13.8
1522,1522,Stevens Point,WI,US,2023-03-02 02:03:30,44.5236,-89.5746,35.29,89,100,3.0
1523,1523,Sun Valley,NV,US,2023-03-02 02:01:51,39.5963,-119.776,30.04,61,40,9.22
1524,1524,Austintown,OH,US,2023-03-02 02:03:30,41.1017,-80.7645,53.4,75,75,5.75
1525,1525,Daytona Beach,FL,US,2023-03-02 02:03:31,29.2108,-81.0228,76.01,87,20,4.61
1526,1526,Perris,CA,US,2023-03-02 02:03:31,33.7825,-117.2287,46.98,73,75,4.0
1527,1527,Carlyle,IL,US,2023-03-02 02:03:32,38.6103,-89.3726,57.56,73,100,1.99
1528,1528,Sandusky,OH,US,2023-03-02 02:00:03,41.3501,-83.1332,48.52,83,100,1.01
1529,1529,Culpeper,VA,US,2023-03-02 02:03:32,38.5004,-77.9664,53.01,79,0,1.99
1531,1531,Forestville,MD,US,2023-03-02 02:03:33,38.8451,-76.875,51.33,85,0,6.91
1533,1533,Wooster,OH,US,2023-03-02 01:59:22,40.8051,-81.9351,58.41,76,100,4.61
1534,1534,Wausau,WI,US,2023-03-02 02:00:03,44.9591,-89.6301,31.91,92,100,4.0
1536,1536,Ensley,FL,US,2023-03-02 02:03:34,30.5188,-87.2728,72.99,91,40,12.66
1538,1538,Celina,OH,US,2023-03-02 02:00:09,40.5489,-84.5702,55.26,84,100,9.31
1540,1540,Grandview,MO,US,2023-03-02 02:03:36,38.8858,-94.533,51.75,35,0,6.91
1542,1542,Rome,GA,US,2023-03-02 01:59:55,34.257,-85.1647,72.01,85,100,8.99
1544,1544,Port Lavaca,TX,US,2023-03-02 02:03:37,28.615,-96.6261,77.05,88,100,6.91
1545,1545,Arroyo Grande,CA,US,2023-03-02 02:03:38,35.1186,-120.5907,51.04,67,0,11.5
1547,1547,Shreveport,LA,US,2023-03-02 01:59:05,32.5251,-93.7502,79.02,71,75,8.05
1550,1550,Paducah,KY,US,2023-03-02 02:03:40,37.0834,-88.6001,64.18,92,100,3.44
1551,1551,Gatesville,TX,US,2023-03-02 02:03:40,31.4352,-97.7439,75.49,85,0,3.11
1552,1552,Bernalillo,NM,US,2023-03-02 02:03:40,35.05,-106.6673,48.49,40,75,9.22
1553,1553,Arkadelphia,AR,US,2023-03-02 02:03:41,34.1209,-93.0538,64.18,96,100,5.75
1554,1554,Makakilo City,HI,US,2023-03-02 02:03:41,21.3469,-158.0858,73.69,74,75,13.8
1557,1557,Pine Hills,FL,US,2023-03-02 02:03:42,28.5578,-81.4534,77.07,70,0,10.36
1558,1558,Manhattan,NY,US,2023-03-02 02:01:04,40.7834,-73.9662,42.42,88,100,8.05
1559,1559,Grass Valley,CA,US,2023-03-02 02:03:43,39.2191,-121.0611,41.47,72,61,5.01
1561,1561,La Salle,IL,US,2023-03-02 02:03:03,41.3334,-89.0918,49.82,43,0,9.22
1562,1562,Greeley,CO,US,2023-03-02 02:02:40,40.4233,-104.7091,32.34,79,100,0.0
1563,1563,Tucson,AZ,US,2023-03-02 01:58:47,32.2217,-110.9265,61.18,40,100,25.32
1564,1564,Hartford,CT,US,2023-03-02 02:00:08,41.7668,-72.7662,38.07,83,83,4.0
1565,1565,Evansville,IN,US,2023-03-02 02:03:44,37.9748,-87.5558,62.65,61,40,8.05
1567,1567,Boulder,CO,US,2023-03-02 02:03:18,40.0833,-105.3505,24.66,87,100,3.44
1570,1570,Lubbock,TX,US,2023-03-02 02:03:02,33.6001,-101.8338,59.38,25,20,13.8
1571,1571,Baltimore,MD,US,2023-03-02 02:04:02,39.2904,-76.6122,49.28,85,20,5.75
1573,1573,Oswego,NY,US,2023-03-02 02:04:46,43.4501,-76.1497,35.74,84,99,5.99
1574,1574,Lake Shore,MD,US,2023-03-02 02:04:46,39.1071,-76.485,49.15,85,0,8.05
1576,1576,Immokalee,FL,US,2023-03-02 02:02:45,26.4187,-81.4173,73.35,78,10,4.97
1577,1577,Talladega,AL,US,2023-03-02 02:04:47,33.4359,-86.1058,74.41,78,0,6.91
1578,1578,West Richland,WA,US,2023-03-02 02:04:47,46.3043,-119.3614,45.79,50,0,11.5
1582,1582,Seymour,IN,US,2023-03-02 02:04:49,38.9592,-85.8903,65.12,64,100,3.0
1585,1585,Ledyard,CT,US,2023-03-02 02:04:50,41.4398,-72.0142,40.17,83,100,14.97
1586,1586,Corning,NY,US,2023-03-02 02:04:50,42.1428,-77.0547,42.49,80,0,5.75
1589,1589,Jefferson City,MO,US,2023-03-02 02:01:47,38.5767,-92.1735,53.67,53,100,5.93
1590,1590,Alpine,CA,US,2023-03-02 02:04:51,32.835,-116.7664,46.22,76,40,5.75
1591,1591,Murray,UT,US,2023-03-02 02:04:51,40.6669,-111.888,36.54,86,100,16.11
1593,1593,Rolla,MO,US,2023-03-02 02:00:04,37.9514,-91.7713,55.06,59,100,5.01
1595,1595,Jupiter,FL,US,2023-03-02 02:02:13,26.9342,-80.0942,77.02,80,75,3.44
1596,1596,Gaffney,SC,US,2023-03-02 02:04:52,35.0718,-81.6498,64.26,57,100,3.27
1598,1598,Robinson,TX,US,2023-03-02 02:04:53,31.4677,-97.1147,73.98,83,75,11.5
1600,1600,Aransas Pass,TX,US,2023-03-02 02:04:53,27.9095,-97.15,75.29,92,100,17.27
1601,1601,Hopewell,VA,US,2023-03-02 02:03:32,37.3043,-77.2872,51.85,89,100,4.61
1604,1604,Ponca City,OK,US,2023-03-02 02:00:35,36.707,-97.0856,50.95,38,34,8.01
1606,1606,Port Angeles,WA,US,2023-03-02 02:04:14,48.1181,-123.4307,43.41,72,100,5.75
1608,1608,Statesville,NC,US,2023-03-02 02:00:47,35.7826,-80.8873,61.36,55,0,0.0
1609,1609,Palo Alto,CA,US,2023-03-02 02:00:06,37.4419,-122.143,54.01,57,0,14.97
1610,1610,Hannibal,MO,US,2023-03-02 02:01:47,39.7084,-91.3585,51.71,27,0,3.44
1611,1611,Conneaut,OH,US,2023-03-02 02:02:17,41.9476,-80.5542,48.87,92,100,5.32
1612,1612,Magalia,CA,US,2023-03-02 02:04:56,39.8121,-121.5783,42.35,88,81,7.2
1613,1613,Glen Allen,VA,US,2023-03-02 02:04:56,37.666,-77.5064,51.31,89,0,5.75
1614,1614,Elk River,MN,US,2023-03-02 02:04:56,45.3038,-93.5672,27.37,82,100,11.99
1616,1616,Mims,FL,US,2023-03-02 02:04:22,28.6653,-80.8448,77.34,85,0,5.75
1617,1617,Uniontown,PA,US,2023-03-02 02:04:57,39.9001,-79.7164,63.36,82,100,4.94
1618,1618,Sunnyside,WA,US,2023-03-02 02:05:58,46.3237,-120.0087,44.58,39,0,12.66
1619,1619,Oroville,CA,US,2023-03-02 02:05:58,39.5138,-121.5564,50.0,43,0,5.75
1622,1622,Denton,TX,US,2023-03-02 02:02:23,33.2001,-97.1336,63.09,58,100,2.73
1623,1623,Lawton,OK,US,2023-03-02 02:03:02,34.6087,-98.3903,56.07,58,0,1.99
1624,1624,Moses Lake,WA,US,2023-03-02 02:05:42,47.1301,-119.2781,41.36,48,100,5.75
1625,1625,Orangeburg,SC,US,2023-03-02 02:05:59,33.4918,-80.8557,70.09,84,0,8.05
1628,1628,Tarboro,NC,US,2023-03-02 02:06:00,35.8968,-77.5358,63.09,94,0,0.0
1629,1629,Siloam Springs,AR,US,2023-03-02 02:06:00,36.1881,-94.5405,57.78,55,0,5.75
1630,1630,Toccoa,GA,US,2023-03-02 02:05:10,34.5773,-83.3324,69.39,81,40,0.0
1631,1631,Payette,ID,US,2023-03-02 02:06:02,44.0782,-116.9338,37.54,48,0,18.41
1632,1632,La Quinta,CA,US,2023-03-02 02:06:02,33.6634,-116.31,46.53,62,0,5.75
1633,1633,White Oak,OH,US,2023-03-02 02:06:03,39.2131,-84.5994,64.35,66,40,13.8
1634,1634,Junction City,KS,US,2023-03-02 02:04:30,39.0286,-96.8314,47.86,39,0,6.91
1635,1635,Kokomo,IN,US,2023-03-02 02:06:04,40.4864,-86.1336,53.22,78,0,11.5
1637,1637,Maryville,TN,US,2023-03-02 02:06:05,35.7565,-83.9705,71.31,78,100,5.75
1638,1638,Martin,FL,US,2023-03-02 02:06:05,27.0837,-80.4164,74.91,83,20,10.11
1639,1639,Coffeyville,KS,US,2023-03-02 02:06:06,37.0373,-95.6164,50.86,39,0,5.75
1640,1640,Centerville,OH,US,2023-03-02 02:04:52,39.6284,-84.1594,63.07,70,75,12.66
1642,1642,Hopkinton,RI,US,2023-03-02 02:06:07,41.4612,-71.7776,39.85,83,100,9.22
1643,1643,San Antonio,TX,US,2023-03-02 02:04:12,29.4241,-98.4936,81.52,72,0,13.8
1645,1645,Hermiston,OR,US,2023-03-02 02:06:08,45.8404,-119.2895,45.12,48,0,11.5
1647,1647,Lehigh Acres,FL,US,2023-03-02 02:05:38,26.6254,-81.6248,73.94,83,0,0.0
1648,1648,Zachary,LA,US,2023-03-02 02:06:09,30.6485,-91.1565,77.94,72,0,10.74
1650,1650,Herrin,IL,US,2023-03-02 02:01:34,37.8031,-89.0276,61.02,65,75,0.0
1651,1651,Manassas,VA,US,2023-03-02 02:06:10,38.751,-77.4753,52.81,77,0,8.05
1652,1652,Muncie,IN,US,2023-03-02 02:01:50,40.1934,-85.3864,55.33,75,100,5.99
1654,1654,Chowchilla,CA,US,2023-03-02 02:05:00,37.123,-120.2602,49.68,63,7,19.55
1656,1656,Coachella,CA,US,2023-03-02 02:06:11,33.6803,-116.1739,49.6,59,0,5.75
1657,1657,Macon,IL,US,2023-03-02 02:06:12,39.8667,-88.9668,53.87,66,0,8.05
1658,1658,Magnolia,AR,US,2023-03-02 02:05:22,33.2671,-93.2393,70.88,94,100,4.29
1659,1659,Marshfield,WI,US,2023-03-02 02:06:13,44.6689,-90.1718,34.68,86,100,3.44
1661,1661,Chico,CA,US,2023-03-02 02:04:10,39.7285,-121.8375,49.89,43,0,13.8
1662,1662,Topeka,KS,US,2023-03-02 02:05:10,39.0483,-95.678,51.12,38,0,9.22
1665,1665,Starkville,MS,US,2023-03-02 02:06:15,33.4504,-88.8184,76.87,73,0,8.05
1669,1669,Fort Stewart,GA,US,2023-03-02 02:07:16,31.8722,-81.61,73.04,59,0,3.44
1672,1672,Longview,TX,US,2023-03-02 02:07:17,32.5007,-94.7405,75.97,75,40,5.75
1675,1675,West Hollywood,CA,US,2023-03-02 02:06:58,34.09,-118.3617,52.86,47,0,23.02
1676,1676,Bridgeton,NJ,US,2023-03-02 02:07:19,39.4273,-75.2341,47.05,83,100,4.61
1677,1677,Choctaw,OK,US,2023-03-02 02:07:19,35.4976,-97.2689,55.65,46,0,4.61
1678,1678,Rocky Mount,NC,US,2023-03-02 02:03:54,35.9382,-77.7905,58.71,88,0,0.0
1680,1680,Alliance,OH,US,2023-03-02 02:07:20,40.9153,-81.1059,55.62,94,100,1.81
1681,1681,Conway,AR,US,2023-03-02 02:07:21,35.0887,-92.4421,63.79,97,100,0.0
1684,1684,Lawrence,KS,US,2023-03-02 02:07:22,38.9717,-95.2353,52.54,30,0,11.5
1686,1686,Williamsport,PA,US,2023-03-02 02:04:50,41.2412,-77.0011,44.53,82,59,4.41
1687,1687,Beaumont,TX,US,2023-03-02 02:07:23,30.0861,-94.1019,75.24,96,100,11.5
1688,1688,Barstow,CA,US,2023-03-02 02:06:01,34.8986,-117.0228,38.39,69,97,20.38
1690,1690,Trenton,NJ,US,2023-03-02 02:05:17,40.217,-74.7429,44.65,91,100,5.75
1691,1691,Gantt,SC,US,2023-03-02 02:07:25,34.8001,-82.4243,66.18,80,75,6.91
1692,1692,Battle Creek,MI,US,2023-03-02 02:04:38,42.3212,-85.1797,43.66,64,0,0.0
1695,1695,Bluefield,WV,US,2023-03-02 02:07:26,37.2698,-81.2223,56.16,69,80,4.52
1702,1702,Hickory Hills,IL,US,2023-03-02 02:06:39,41.7256,-87.8251,51.31,65,75,8.05
1703,1703,Carson City,NV,US,2023-03-02 02:04:08,39.1638,-119.7674,29.73,68,100,5.75
1704,1704,Sturgeon Bay,WI,US,2023-03-02 02:07:29,44.8342,-87.377,34.16,100,100,6.91
1705,1705,Springville,UT,US,2023-03-02 02:07:30,40.1652,-111.6107,34.18,89,100,12.66
1707,1707,Aurora,CO,US,2023-03-02 02:05:15,39.7294,-104.8319,32.18,73,100,10.36
1709,1709,Olivehurst,CA,US,2023-03-02 02:07:31,39.0955,-121.5522,51.67,46,0,18.41
1712,1712,Owasso,OK,US,2023-03-02 02:03:43,36.2695,-95.8547,58.12,47,75,5.75
1713,1713,Richmond,VA,US,2023-03-02 02:05:12,37.5538,-77.4603,51.3,89,75,5.75
1714,1714,Waxahachie,TX,US,2023-03-02 02:07:33,32.3865,-96.8483,66.61,76,0,3.44
1715,1715,Rancho Santa Margarita,CA,US,2023-03-02 02:07:33,33.6409,-117.6031,50.41,49,30,10.0
1716,1716,Cullman,AL,US,2023-03-02 02:07:34,34.1748,-86.8436,73.09,83,0,11.5
1717,1717,Dalton,GA,US,2023-03-02 02:07:34,34.7698,-84.9702,71.28,82,100,4.61
1718,1718,Bloomsburg,PA,US,2023-03-02 02:08:34,41.0037,-76.4549,45.12,81,100,6.08
1719,1719,Staunton,VA,US,2023-03-02 02:08:35,38.1496,-79.0717,52.39,75,0,6.91
1720,1720,Spring Hill,FL,US,2023-03-02 02:08:35,28.4769,-82.5255,69.82,89,0,5.23
1721,1721,Mastic,NY,US,2023-03-02 02:08:36,40.802,-72.8409,40.95,92,100,8.99
1723,1723,Anniston,AL,US,2023-03-02 02:08:37,33.6598,-85.8316,72.97,73,20,4.61
1724,1724,Apple Valley,CA,US,2023-03-02 02:03:48,34.5008,-117.1859,38.7,64,100,25.46
1728,1728,Ammon,ID,US,2023-03-02 02:08:38,43.4696,-111.9666,27.1,85,0,3.44
1729,1729,Shelbyville,TN,US,2023-03-02 02:04:33,35.4834,-86.4603,69.46,45,100,1.01
1730,1730,Cocoa,FL,US,2023-03-02 02:08:39,28.3861,-80.742,75.06,83,0,10.36
1731,1731,Vermilion,IL,US,2023-03-02 02:08:39,40.1667,-87.7506,53.53,78,0,8.05
1734,1734,North Adams,MA,US,2023-03-02 02:08:40,42.7009,-73.1087,36.93,71,100,11.5
1736,1736,Okolona,KY,US,2023-03-02 02:08:41,38.1412,-85.6877,66.09,78,100,11.5
1739,1739,Tiburon,CA,US,2023-03-02 02:08:41,37.8735,-122.4566,53.94,52,51,8.01
1740,1740,Zionsville,IN,US,2023-03-02 02:06:51,39.9509,-86.2619,57.63,70,0,12.66
1741,1741,West Springfield,MA,US,2023-03-02 02:08:42,42.107,-72.6204,38.34,80,100,6.91
1742,1742,New Orleans,LA,US,2023-03-02 02:08:42,29.9547,-90.0751,78.01,82,100,12.66
1744,1744,Pittsfield,MA,US,2023-03-02 02:08:43,42.4501,-73.2454,36.23,80,100,14.97
1745,1745,Wichita,KS,US,2023-03-02 02:06:27,37.6922,-97.3375,51.19,33,0,6.91
1746,1746,Fairhope,AL,US,2023-03-02 02:08:43,30.523,-87.9033,74.77,84,100,9.22
1748,1748,Kingsport,TN,US,2023-03-02 02:06:57,36.5484,-82.5618,67.86,59,75,0.0
1752,1752,Wailuku,HI,US,2023-03-02 02:07:13,20.8911,-156.5047,74.43,83,40,25.32
1754,1754,Millbrook,AL,US,2023-03-02 02:07:48,32.4799,-86.3619,75.29,62,0,11.5
1755,1755,Gahanna,OH,US,2023-03-02 02:08:45,40.0192,-82.8793,66.54,56,75,12.66
1757,1757,Lamont,CA,US,2023-03-02 02:08:46,35.2597,-118.9143,46.99,63,93,6.26
1759,1759,Gardendale,AL,US,2023-03-02 02:08:47,33.6601,-86.8128,74.62,75,96,11.18
1760,1760,Port Washington,NY,US,2023-03-02 02:08:47,40.8257,-73.6982,42.4,84,100,6.91
1762,1762,Fort Collins,CO,US,2023-03-02 02:04:33,40.5853,-105.0844,30.87,86,100,3.44
1763,1763,Willimantic,CT,US,2023-03-02 02:08:48,41.7107,-72.2081,38.44,72,100,3.44
1765,1765,Shasta Lake,CA,US,2023-03-02 02:08:31,40.6804,-122.3708,47.12,93,100,5.28
1766,1766,Fort Atkinson,WI,US,2023-03-02 02:08:49,42.9289,-88.8371,44.1,65,30,3.0
1767,1767,East Wenatchee,WA,US,2023-03-02 02:08:49,47.4157,-120.2931,41.05,45,40,6.91
1768,1768,Lemay,MO,US,2023-03-02 02:09:49,38.5334,-90.2793,58.37,60,0,11.5
1772,1772,Albemarle,NC,US,2023-03-02 02:09:51,35.3501,-80.2001,60.58,84,0,0.0
1775,1775,Oregon City,OR,US,2023-03-02 02:08:30,45.3573,-122.6068,44.44,71,75,4.61
1776,1776,Apex,NC,US,2023-03-02 02:07:42,35.7327,-78.8503,59.36,82,100,3.42
1778,1778,Medford,OR,US,2023-03-02 02:09:22,42.3265,-122.8756,44.33,61,0,0.0
1779,1779,Mount Juliet,TN,US,2023-03-02 02:05:18,36.2001,-86.5186,71.33,84,100,9.22
1781,1781,Moultonborough,NH,US,2023-03-02 02:09:52,43.7548,-71.3967,33.17,92,100,2.77
1784,1784,Huntley,IL,US,2023-03-02 02:09:04,42.1681,-88.4281,49.19,60,0,5.99
1786,1786,Palmetto,FL,US,2023-03-02 02:09:53,27.5214,-82.5723,72.14,65,0,0.0
1787,1787,Clarksville,TN,US,2023-03-02 02:07:11,36.5298,-87.3595,64.85,94,100,13.8
1788,1788,Bryant,AR,US,2023-03-02 02:09:54,34.5959,-92.4891,63.86,89,100,8.99
1790,1790,Guymon,OK,US,2023-03-02 02:09:54,36.6828,-101.4816,48.2,21,0,10.36
1791,1791,Pocatello,ID,US,2023-03-02 02:09:55,42.8713,-112.4455,28.18,83,100,14.0
1792,1792,Bartlesville,OK,US,2023-03-02 02:09:55,36.7473,-95.9808,50.95,51,0,0.0
1794,1794,Woodway,TX,US,2023-03-02 02:09:56,31.506,-97.205,73.56,82,75,11.5
1796,1796,Adelanto,CA,US,2023-03-02 02:09:56,34.5828,-117.4092,36.09,66,99,26.24
1797,1797,Farmington,NM,US,2023-03-02 02:08:52,36.7281,-108.2187,39.88,54,100,1.99
1799,1799,Massillon,OH,US,2023-03-02 02:09:10,40.7967,-81.5215,57.4,67,75,5.75
1800,1800,Sebastian,AR,US,2023-03-02 02:09:57,35.1668,-94.2669,60.76,70,100,0.94
1803,1803,Pine Bluff,AR,US,2023-03-02 02:09:59,34.2284,-92.0032,68.95,87,100,17.27
1804,1804,Durham,NC,US,2023-03-02 02:08:35,36.0335,-78.8664,59.27,85,100,3.58
1805,1805,Fort Oglethorpe,GA,US,2023-03-02 02:10:00,34.949,-85.2569,71.42,80,100,3.44
1810,1810,Ogdensburg,NY,US,2023-03-02 02:10:01,44.6942,-75.4863,37.45,86,100,5.75
1811,1811,Austin,TX,US,2023-03-02 02:09:09,30.2672,-97.7431,79.54,76,0,9.22
1812,1812,Sikeston,MO,US,2023-03-02 02:10:02,36.8767,-89.5879,64.33,100,100,0.0
1813,1813,Smithfield,RI,US,2023-03-02 02:10:03,41.922,-71.5495,37.2,83,100,3.44
1815,1815,Jensen Beach,FL,US,2023-03-02 02:10:05,27.2545,-80.2298,75.0,78,0,5.75
1817,1817,Valley Station,KY,US,2023-03-02 02:11:06,38.1112,-85.8702,66.18,84,100,6.91
1821,1821,Buffalo,NY,US,2023-03-02 02:08:17,42.8865,-78.8784,39.52,81,100,0.0
1822,1822,Joplin,MO,US,2023-03-02 02:10:22,37.0842,-94.5133,53.89,44,0,1.01
1823,1823,Meadville,PA,US,2023-03-02 02:10:32,41.6414,-80.1515,53.17,79,40,4.61
1825,1825,Kenosha,WI,US,2023-03-02 02:11:08,42.5667,-88.0501,48.74,59,0,13.8
1826,1826,Temple,TX,US,2023-03-02 02:10:20,31.0982,-97.3428,75.76,79,40,3.44
1828,1828,Sulphur Springs,TX,US,2023-03-02 02:11:09,33.1385,-95.6011,70.95,94,40,3.44
1829,1829,Oil City,PA,US,2023-03-02 02:11:10,41.4339,-79.7064,53.19,71,100,4.61
1830,1830,Green Valley,AZ,US,2023-03-02 02:11:10,31.8543,-110.9937,56.52,45,74,31.27
1832,1832,Nanticoke,PA,US,2023-03-02 02:07:23,41.2054,-76.0049,43.93,86,98,1.01
1833,1833,Angleton,TX,US,2023-03-02 02:11:11,29.1694,-95.4319,76.14,91,100,13.8
1837,1837,North Hampton,NH,US,2023-03-02 02:11:13,42.9726,-70.8298,38.7,82,100,1.01
1839,1839,Baton Rouge,LA,US,2023-03-02 02:11:14,30.4508,-91.1545,78.13,75,1,1.99
1840,1840,Glen Avon,CA,US,2023-03-02 02:06:22,34.0117,-117.4848,51.22,50,20,18.41
1841,1841,Ocean Springs,MS,US,2023-03-02 02:11:15,30.4113,-88.8278,73.71,92,40,8.05
1842,1842,Newberry,SC,US,2023-03-02 02:11:15,34.2746,-81.6187,67.46,91,100,5.46
1844,1844,Sun City West,AZ,US,2023-03-02 02:11:16,33.662,-112.3413,54.0,86,100,20.71
1846,1846,Albertville,AL,US,2023-03-02 02:11:17,34.2676,-86.2089,71.55,80,40,6.91
1848,1848,Ocala,FL,US,2023-03-02 02:10:04,29.1872,-82.1401,70.99,79,0,3.44
1849,1849,Jeffersonville,IN,US,2023-03-02 02:11:18,38.2776,-85.7372,66.15,79,75,11.5
1850,1850,Warrensburg,MO,US,2023-03-02 02:10:01,38.7628,-93.7361,50.07,31,0,5.75
1852,1852,Cedar Falls,IA,US,2023-03-02 02:08:50,42.5278,-92.4455,34.21,82,100,14.97
1855,1855,Storm Lake,IA,US,2023-03-02 02:11:20,42.6411,-95.2097,26.82,93,100,21.85
1856,1856,Lockport,IL,US,2023-03-02 02:11:21,41.5895,-88.0578,51.35,64,0,10.36
1857,1857,Truckee,CA,US,2023-03-02 02:11:21,39.328,-120.1833,25.63,83,40,5.75
1858,1858,Murfreesboro,TN,US,2023-03-02 02:11:14,35.8456,-86.3903,70.92,85,100,6.91
1859,1859,Oshkosh,WI,US,2023-03-02 02:11:22,44.0247,-88.5426,34.9,92,100,10.36
1861,1861,Mount Vernon,NY,US,2023-03-02 02:11:22,40.9126,-73.8371,42.44,79,100,6.91
1863,1863,Ozark,MO,US,2023-03-02 02:11:23,37.0209,-93.206,56.28,52,100,9.24
1865,1865,Anderson,SC,US,2023-03-02 02:12:24,34.5334,-82.6499,68.38,86,0,5.75
1867,1867,Punta Gorda,FL,US,2023-03-02 02:12:25,26.9298,-82.0454,73.98,88,0,0.0
1870,1870,Kinston,NC,US,2023-03-02 02:12:26,35.2627,-77.5816,66.38,88,0,0.0
1871,1871,Placerville,CA,US,2023-03-02 02:09:09,38.7296,-120.7986,45.63,62,0,8.05
1872,1872,Asheville,NC,US,2023-03-02 02:12:18,35.6009,-82.554,61.61,72,75,3.44
1875,1875,Wilkes-Barre,PA,US,2023-03-02 02:12:28,41.2459,-75.8813,44.06,83,95,15.99
1877,1877,Salinas,CA,US,2023-03-02 02:12:05,36.6777,-121.6555,51.89,65,0,14.97
1879,1879,Fairborn,OH,US,2023-03-02 02:08:57,39.8209,-84.0194,61.25,68,40,14.97
1883,1883,Alexander City,AL,US,2023-03-02 02:12:30,32.944,-85.9539,73.18,78,40,10.36
1885,1885,Cathedral City,CA,US,2023-03-02 02:12:31,33.7797,-116.4653,45.81,71,0,1.99
1886,1886,Forest Grove,OR,US,2023-03-02 02:12:31,45.5198,-123.1107,43.9,77,100,1.99
1887,1887,Cape Girardeau,MO,US,2023-03-02 02:12:32,37.3834,-89.7168,62.19,56,100,1.01
1888,1888,Fort Walton Beach,FL,US,2023-03-02 02:12:32,30.4058,-86.6188,73.42,92,20,10.36
1890,1890,Waynesboro,VA,US,2023-03-02 02:09:55,38.0685,-78.8895,52.88,81,0,0.0
1891,1891,Bradley,TN,US,2023-03-02 02:12:33,35.1501,-84.8666,70.65,83,75,5.75
1892,1892,Lemoore,CA,US,2023-03-02 02:12:33,36.3008,-119.7829,50.07,54,75,16.11
1893,1893,Kennebunk,ME,US,2023-03-02 02:12:34,43.384,-70.5448,36.03,88,100,0.0
1895,1895,Eagle Pass,TX,US,2023-03-02 02:12:35,28.7091,-100.4995,85.26,19,100,7.99
1896,1896,Kernersville,NC,US,2023-03-02 02:11:09,36.1199,-80.0736,56.52,76,75,3.44
1897,1897,Easley,SC,US,2023-03-02 02:12:35,34.8298,-82.6015,66.06,81,100,5.75
1898,1898,San Marcos,CA,US,2023-03-02 02:08:59,33.1434,-117.1661,51.15,57,75,8.05
1900,1900,Lynden,WA,US,2023-03-02 02:12:36,48.9465,-122.4521,41.65,80,100,6.91
1901,1901,Grove City,OH,US,2023-03-02 02:12:14,39.8815,-83.093,66.42,57,75,10.36
1903,1903,Ramona,CA,US,2023-03-02 02:11:57,33.0417,-116.8681,47.7,67,75,11.5
1905,1905,Glendora,CA,US,2023-03-02 02:12:37,34.1361,-117.8653,51.19,41,0,10.36
1906,1906,Urbana,IL,US,2023-03-02 02:12:37,40.1106,-88.2073,53.02,80,0,6.91
1908,1908,Morgan Hill,CA,US,2023-03-02 02:09:19,37.1305,-121.6544,51.28,46,0,9.22
1909,1909,Opelousas,LA,US,2023-03-02 02:12:38,30.5335,-92.0815,75.92,94,45,11.79
1910,1910,Pasco,FL,US,2023-03-02 02:12:39,28.292,-82.4165,71.46,72,0,5.08
1913,1913,Fort Dodge,IA,US,2023-03-02 02:12:40,42.4975,-94.168,30.81,86,100,13.8
1915,1915,West Milford,NJ,US,2023-03-02 02:09:16,41.1312,-74.3674,40.06,88,64,4.38
1917,1917,Newburyport,MA,US,2023-03-02 02:13:41,42.8126,-70.8773,39.2,83,100,1.99
1920,1920,Coronado,CA,US,2023-03-02 02:13:42,32.6859,-117.1831,52.75,60,75,27.0
1923,1923,Trumbull,OH,US,2023-03-02 02:13:42,41.3167,-80.7665,54.18,71,75,5.99
1925,1925,Mankato,MN,US,2023-03-02 02:13:43,44.1636,-93.9994,31.19,94,100,14.97
1926,1926,Hollister,CA,US,2023-03-02 02:13:43,36.8525,-121.4016,51.04,46,0,10.36
1929,1929,Duxbury,MA,US,2023-03-02 02:13:44,42.0418,-70.6723,37.99,79,100,8.05
1931,1931,Brentwood,NY,US,2023-03-02 02:13:45,40.7812,-73.2462,41.09,94,100,10.36
1932,1932,Niceville,FL,US,2023-03-02 02:12:57,30.5169,-86.4822,73.35,91,0,15.99
1934,1934,University Place,WA,US,2023-03-02 02:10:18,47.2356,-122.5504,44.62,71,75,10.36
1935,1935,Pullman,WA,US,2023-03-02 02:13:14,46.7313,-117.1796,35.83,78,100,5.75
1936,1936,Tifton,GA,US,2023-03-02 02:12:29,31.4505,-83.5085,75.16,79,0,9.22
1940,1940,Oak Harbor,WA,US,2023-03-02 02:13:47,48.2932,-122.6432,42.19,84,100,8.01
1942,1942,Lakeville,MN,US,2023-03-02 02:09:28,44.6497,-93.2427,29.03,84,100,14.97
1943,1943,Ronkonkoma,NY,US,2023-03-02 02:13:47,40.8154,-73.1123,40.95,93,100,10.36
1945,1945,West Monroe,LA,US,2023-03-02 02:09:52,32.5185,-92.1476,78.8,66,0,12.66
1950,1950,Sioux Falls,SD,US,2023-03-02 02:11:08,43.55,-96.7003,19.26,73,75,6.91
1952,1952,Seagoville,TX,US,2023-03-02 02:13:50,32.6396,-96.5383,66.34,78,0,5.75
1953,1953,Cave Spring,VA,US,2023-03-02 02:13:50,37.2276,-80.0128,55.63,84,0,1.01
1954,1954,Parkersburg,WV,US,2023-03-02 02:13:50,39.2667,-81.5615,68.61,33,0,8.05
1955,1955,Gonzalez,FL,US,2023-03-02 02:13:51,30.5816,-87.2914,72.86,91,17,3.0
1956,1956,Kiryas Joel,NY,US,2023-03-02 02:13:51,41.342,-74.1679,38.01,85,100,6.91
1959,1959,Sulphur,LA,US,2023-03-02 02:13:52,30.2366,-93.3774,75.18,92,100,13.8
1961,1961,Newberg,OR,US,2023-03-02 02:13:53,45.3001,-122.9732,44.04,71,75,7.0
1962,1962,Yukon,OK,US,2023-03-02 02:10:01,35.5067,-97.7625,54.54,43,0,6.91
1963,1963,Martinsburg,WV,US,2023-03-02 02:10:37,39.4562,-77.9639,54.68,73,0,3.44
1966,1966,Coralville,IA,US,2023-03-02 02:11:50,41.6764,-91.5805,37.65,75,0,13.8
1967,1967,Carrollton,TX,US,2023-03-02 02:11:54,32.9537,-96.8903,64.04,64,0,9.22
1969,1969,Moberly,MO,US,2023-03-02 02:14:54,39.4184,-92.4382,49.93,35,0,5.75
1972,1972,Satellite Beach,FL,US,2023-03-02 02:14:55,28.1761,-80.5901,75.06,85,0,12.66
1974,1974,Plum,PA,US,2023-03-02 02:14:56,40.5004,-79.7495,59.25,67,100,3.0
1977,1977,El Reno,OK,US,2023-03-02 02:14:40,35.5323,-97.955,54.28,40,0,5.75
1978,1978,Blacksburg,VA,US,2023-03-02 02:14:57,37.2296,-80.4139,54.97,80,0,3.44
1980,1980,Marin,CA,US,2023-03-02 02:14:57,38.0666,-122.7344,52.34,57,0,9.22
1985,1985,Plainfield,NJ,US,2023-03-02 02:10:31,40.6168,-74.4173,42.82,91,100,3.44
1990,1990,Cedar Lake,IN,US,2023-03-02 02:15:00,41.3648,-87.4411,49.01,73,100,7.67
1991,1991,East Brainerd,TN,US,2023-03-02 02:15:00,34.9959,-85.1502,71.37,80,100,3.44
1992,1992,King City,CA,US,2023-03-02 02:15:00,36.2127,-121.126,48.88,58,48,15.32
1993,1993,Hanson,MA,US,2023-03-02 02:15:01,42.0751,-70.88,38.17,80,100,8.05
1995,1995,California City,CA,US,2023-03-02 02:15:01,35.1258,-117.9859,38.93,57,75,23.02
1998,1998,Kirby,TX,US,2023-03-02 02:15:03,29.4633,-98.3856,80.31,79,75,13.8
2000,2000,Wadena,MN,US,2023-03-02 02:15:05,46.4425,-95.1361,19.44,73,75,6.91
2001,2001,Streator,IL,US,2023-03-02 02:15:07,41.1209,-88.8354,49.57,72,100,8.16
2005,2005,Sedro-Woolley,WA,US,2023-03-02 02:11:07,48.5039,-122.2361,42.94,85,100,1.01
2007,2007,Wapakoneta,OH,US,2023-03-02 02:15:11,40.5678,-84.1936,53.82,84,0,0.0
2009,2009,Hinsdale,IL,US,2023-03-02 02:15:12,41.8009,-87.937,50.77,60,75,9.22
2011,2011,Hackettstown,NJ,US,2023-03-02 02:13:52,40.854,-74.8291,41.56,80,48,0.0
2012,2012,Euclid,OH,US,2023-03-02 02:14:41,41.5931,-81.5268,52.07,87,75,10.36
2013,2013,Cedartown,GA,US,2023-03-02 02:11:34,34.0537,-85.255,69.55,97,98,5.12
2014,2014,Canby,OR,US,2023-03-02 02:16:15,45.2629,-122.6926,44.11,71,75,4.61
2015,2015,Millville,NJ,US,2023-03-02 02:16:15,39.4021,-75.0393,46.31,83,100,4.61
